song_title,artist,youtube_url,start_time,amp_model,gain,volume,treble,middle,bass,stomp_fx,mod_fx,delay_fx,reverb_fx,aug_type,augmented_audio_path,spectral_centroid,spectral_rolloff,spectral_flatness,mfccs,active_rms,crest_factor,rms_frames,stomp_score,mod_score,reverb_score,delay_score,delay_time_ms
sanitarium rhythm clean,metallica,https://www.youtube.com/watch?v=8V7xhAlp2Sg,0,Twin Clean,3.0,4.2,8.0,5.0,4.0,"{""type"": ""5 Band EQ"", ""settings"": {""low"": 2.0, ""low_mid"": -1.5, ""mid"": -12.0, ""high_mid"": 10.0, ""high"": 7.5}}","{""type"": ""Chorus"", ""settings"": {""level"": 9.0, ""speed"": 4.6, ""depth"": 3.5}}","{""type"": ""Echo"", ""settings"": {""level"": 1.5, ""time"": 400, ""feedback"": 3.2, ""wow"": 5.5}}","{""type"": ""Arena"", ""settings"": {""level"": 3.0, ""decay"": 5.5, ""tone"": 5.5}}",none,data/audio_stems_augmented\000_metallica_sanitarium_rhythm_clean_orig.wav,1035.6967652124922,2257.7229628452037,0.00022788534,"[-304.2604675292969, 192.62356567382812, -54.576168060302734, 51.008731842041016]",0.04521503299474716,5.825980673837595,[0.00026738 0.00258655 0.00508614 ... 0.02153531 0.01816318 0.01476631],3.911535532097332e-05,0.11727981269359589,0.0,0.9791255593299866,92.87981859410431
sanitarium rhythm clean,metallica,https://www.youtube.com/watch?v=8V7xhAlp2Sg,0,Twin Clean,3.0,4.2,8.0,5.0,4.0,"{""type"": ""5 Band EQ"", ""settings"": {""low"": 2.0, ""low_mid"": -1.5, ""mid"": -12.0, ""high_mid"": 10.0, ""high"": 7.5}}","{""type"": ""Chorus"", ""settings"": {""level"": 9.0, ""speed"": 4.6, ""depth"": 3.5}}","{""type"": ""Echo"", ""settings"": {""level"": 1.5, ""time"": 400, ""feedback"": 3.2, ""wow"": 5.5}}","{""type"": ""Arena"", ""settings"": {""level"": 3.0, ""decay"": 5.5, ""tone"": 5.5}}",gain_neg,data/audio_stems_augmented\000_metallica_sanitarium_rhythm_clean_aug_gain_neg.wav,1035.8852687594983,2257.8398096838664,0.00023190417,"[-321.226318359375, 192.6190948486328, -54.57416915893555, 51.009605407714844]",0.03804372251033783,5.82601620662752,[0.00022626 0.00217691 0.00427977 ... 0.01811944 0.01528193 0.0124239 ],3.9804923289921135e-05,0.09867913275957108,0.0,0.9791254997253418,92.87981859410431
sanitarium rhythm clean,metallica,https://www.youtube.com/watch?v=8V7xhAlp2Sg,0,Twin Clean,3.0,4.2,8.0,5.0,4.0,"{""type"": ""5 Band EQ"", ""settings"": {""low"": 2.0, ""low_mid"": -1.5, ""mid"": -12.0, ""high_mid"": 10.0, ""high"": 7.5}}","{""type"": ""Chorus"", ""settings"": {""level"": 9.0, ""speed"": 4.6, ""depth"": 3.5}}","{""type"": ""Echo"", ""settings"": {""level"": 1.5, ""time"": 400, ""feedback"": 3.2, ""wow"": 5.5}}","{""type"": ""Arena"", ""settings"": {""level"": 3.0, ""decay"": 5.5, ""tone"": 5.5}}",gain_pos_tilt_hi,data/audio_stems_augmented\000_metallica_sanitarium_rhythm_clean_aug_gain_pos_tilt_hi.wav,1088.0207029738165,2323.8916583393893,0.0002680536,"[-290.61962890625, 192.19773864746094, -58.54167175292969, 50.66967010498047]",0.04825921729207039,5.9346494229354505,[0.00025077 0.00248871 0.00523934 ... 0.02294137 0.0192283  0.01578171],4.5167547796154395e-05,0.141887828707695,0.0,0.9779543876647949,92.87981859410431
sanitarium rhythm clean,metallica,https://www.youtube.com/watch?v=8V7xhAlp2Sg,0,Twin Clean,3.0,4.2,8.0,5.0,4.0,"{""type"": ""5 Band EQ"", ""settings"": {""low"": 2.0, ""low_mid"": -1.5, ""mid"": -12.0, ""high_mid"": 10.0, ""high"": 7.5}}","{""type"": ""Chorus"", ""settings"": {""level"": 9.0, ""speed"": 4.6, ""depth"": 3.5}}","{""type"": ""Echo"", ""settings"": {""level"": 1.5, ""time"": 400, ""feedback"": 3.2, ""wow"": 5.5}}","{""type"": ""Arena"", ""settings"": {""level"": 3.0, ""decay"": 5.5, ""tone"": 5.5}}",pitch_pos,data/audio_stems_augmented\000_metallica_sanitarium_rhythm_clean_aug_pitch_pos.wav,1145.4669678389494,2469.1517619036076,0.00034381758,"[-333.1726989746094, 179.3208465576172, -53.15904235839844, 54.651588439941406]",0.02842104248702526,5.512525926497843,[0.00080715 0.00117953 0.00266814 ... 0.018605   0.01430841 0.0099091 ],6.237022898858413e-05,0.08901695162057877,0.0,0.9761127829551697,92.87981859410431
sanitarium rhythm clean,metallica,https://www.youtube.com/watch?v=8V7xhAlp2Sg,0,Twin Clean,3.0,4.2,8.0,5.0,4.0,"{""type"": ""5 Band EQ"", ""settings"": {""low"": 2.0, ""low_mid"": -1.5, ""mid"": -12.0, ""high_mid"": 10.0, ""high"": 7.5}}","{""type"": ""Chorus"", ""settings"": {""level"": 9.0, ""speed"": 4.6, ""depth"": 3.5}}","{""type"": ""Echo"", ""settings"": {""level"": 1.5, ""time"": 400, ""feedback"": 3.2, ""wow"": 5.5}}","{""type"": ""Arena"", ""settings"": {""level"": 3.0, ""decay"": 5.5, ""tone"": 5.5}}",pitch_neg_tilt_lo,data/audio_stems_augmented\000_metallica_sanitarium_rhythm_clean_aug_pitch_neg_tilt_lo.wav,972.1566318509065,2132.2544967296512,0.0001184727,"[-347.5664978027344, 194.9259796142578, -51.758079528808594, 42.68252944946289]",0.031053386628627777,5.210349222276678,[0.00025866 0.00221868 0.00452401 ... 0.01249083 0.01045335 0.00741317],2.273795507790055e-05,0.0789763405919075,0.0,0.9773231148719788,92.87981859410431
Glory Box,Portishead,https://www.youtube.com/watch?v=4qQyUi4zfDs,97,Champ,3.0,5.0,5.5,5.5,5.0,"{""type"": ""Big Fuzz"", ""settings"": {""level"": 9.0, ""tone"": 5.0, ""sustain"": 5.0}}","{""type"": ""Vibratone"", ""settings"": {""level"": 7.5, ""speed"": 7.0, ""depth"": 4.5, ""feedback"": 7.0, ""phase"": 5.5}}",,"{""type"": ""Spring 65"", ""settings"": {""level"": 5.0, ""decay"": 5.0, ""tone"": 5.0}}",none,data/audio_stems_augmented\001_portishead_glory_box_orig.wav,1430.9265194364164,2264.580084777333,0.00023579464,"[-209.18873596191406, 197.02760314941406, -107.57246398925781, 24.074857711791992]",0.08401692658662796,6.786169752969362,"[9.4003417e-02 1.1774310e-01 1.3658093e-01 ... 2.8072713e-05 2.3984483e-05
 2.0762960e-05]",3.474634650046937e-05,0.2406047135591507,1.0,0.9695079326629639,92.87981859410431
Glory Box,Portishead,https://www.youtube.com/watch?v=4qQyUi4zfDs,97,Champ,3.0,5.0,5.5,5.5,5.0,"{""type"": ""Big Fuzz"", ""settings"": {""level"": 9.0, ""tone"": 5.0, ""sustain"": 5.0}}","{""type"": ""Vibratone"", ""settings"": {""level"": 7.5, ""speed"": 7.0, ""depth"": 4.5, ""feedback"": 7.0, ""phase"": 5.5}}",,"{""type"": ""Spring 65"", ""settings"": {""level"": 5.0, ""decay"": 5.0, ""tone"": 5.0}}",gain_neg,data/audio_stems_augmented\001_portishead_glory_box_aug_gain_neg.wav,1430.9796698766172,2264.6387583553305,0.00023865604,"[-226.15847778320312, 197.0269317626953, -107.57157135009766, 24.075302124023438]",0.07069139927625656,6.78625047440042,"[7.9093643e-02 9.9068202e-02 1.1491817e-01 ... 2.2818538e-05 1.9416117e-05
 1.6885691e-05]",3.516758079058491e-05,0.20244485139846802,1.0,0.9695079326629639,92.87981859410431
Glory Box,Portishead,https://www.youtube.com/watch?v=4qQyUi4zfDs,97,Champ,3.0,5.0,5.5,5.5,5.0,"{""type"": ""Big Fuzz"", ""settings"": {""level"": 9.0, ""tone"": 5.0, ""sustain"": 5.0}}","{""type"": ""Vibratone"", ""settings"": {""level"": 7.5, ""speed"": 7.0, ""depth"": 4.5, ""feedback"": 7.0, ""phase"": 5.5}}",,"{""type"": ""Spring 65"", ""settings"": {""level"": 5.0, ""decay"": 5.0, ""tone"": 5.0}}",gain_pos_tilt_hi,data/audio_stems_augmented\001_portishead_glory_box_aug_gain_pos_tilt_hi.wav,1450.30787293364,2279.116463726158,0.00023877363,"[-194.13864135742188, 194.6647186279297, -109.79964447021484, 22.26852035522461]",0.09823734313249588,6.902295445321683,"[1.1056963e-01 1.3864021e-01 1.6077502e-01 ... 2.9983921e-05 2.5348729e-05
 2.2110029e-05]",3.4593358577694744e-05,0.2817981541156769,1.0,0.9690572023391724,92.87981859410431
Glory Box,Portishead,https://www.youtube.com/watch?v=4qQyUi4zfDs,97,Champ,3.0,5.0,5.5,5.5,5.0,"{""type"": ""Big Fuzz"", ""settings"": {""level"": 9.0, ""tone"": 5.0, ""sustain"": 5.0}}","{""type"": ""Vibratone"", ""settings"": {""level"": 7.5, ""speed"": 7.0, ""depth"": 4.5, ""feedback"": 7.0, ""phase"": 5.5}}",,"{""type"": ""Spring 65"", ""settings"": {""level"": 5.0, ""decay"": 5.0, ""tone"": 5.0}}",pitch_pos,data/audio_stems_augmented\001_portishead_glory_box_aug_pitch_pos.wav,1508.1597584015346,2395.5247222400103,0.00029553115,"[-235.2357177734375, 179.30406188964844, -103.72991180419922, 26.2235107421875]",0.05847277492284775,7.231995550759118,"[9.8571576e-02 1.1817446e-01 1.3209212e-01 ... 1.6858739e-05 1.5597750e-05
 1.4225420e-05]",4.086439366801642e-05,0.1604951173067093,1.0,0.9656502604484558,92.87981859410431
Glory Box,Portishead,https://www.youtube.com/watch?v=4qQyUi4zfDs,97,Champ,3.0,5.0,5.5,5.5,5.0,"{""type"": ""Big Fuzz"", ""settings"": {""level"": 9.0, ""tone"": 5.0, ""sustain"": 5.0}}","{""type"": ""Vibratone"", ""settings"": {""level"": 7.5, ""speed"": 7.0, ""depth"": 4.5, ""feedback"": 7.0, ""phase"": 5.5}}",,"{""type"": ""Spring 65"", ""settings"": {""level"": 5.0, ""decay"": 5.0, ""tone"": 5.0}}",pitch_neg_tilt_lo,data/audio_stems_augmented\001_portishead_glory_box_aug_pitch_neg_tilt_lo.wav,1334.8640420330887,2121.8272695099627,0.00011707151,"[-252.0117645263672, 201.7103271484375, -99.33647918701172, 11.929984092712402]",0.05719929561018944,7.322580334550089,"[9.44520757e-02 1.15605466e-01 1.33924335e-01 ... 2.78776479e-05
 2.34475920e-05 1.77008733e-05]",1.598773815203458e-05,0.14418058097362518,1.0,0.9621031880378723,92.87981859410431
Tom Sawyer,Rush,https://www.youtube.com/watch?v=MNrI4MSTXBU,52,50s Twin,10.0,8.0,7.0,9.5,4.5,,"{""type"": ""Flanger"", ""settings"": {""level"": 6.0, ""speed"": 3.0, ""depth"": 7.0, ""feedback"": 8.0}}","{""type"": ""Delay"", ""settings"": {""level"": 3.0, ""time"": 400, ""feedback"": 6.5, ""tone"": 3.5}}","{""type"": ""Small Room"", ""settings"": {""level"": 5.5, ""decay"": 5.5, ""tone"": 5.5}}",none,data/audio_stems_augmented\002_rush_tom_sawyer_orig.wav,1516.8653072246734,2496.269463275812,0.000692907,"[-341.0076904296875, 190.29067993164062, -116.60649871826172, 22.42466926574707]",0.016649793833494186,5.3004581535305215,[0.01156917 0.01321827 0.01493358 ... 0.01530222 0.01281673 0.00981878],0.00013072584988549352,0.022798914462327957,0.0,0.9869644045829773,92.87981859410431
Tom Sawyer,Rush,https://www.youtube.com/watch?v=MNrI4MSTXBU,52,50s Twin,10.0,8.0,7.0,9.5,4.5,,"{""type"": ""Flanger"", ""settings"": {""level"": 6.0, ""speed"": 3.0, ""depth"": 7.0, ""feedback"": 8.0}}","{""type"": ""Delay"", ""settings"": {""level"": 3.0, ""time"": 400, ""feedback"": 6.5, ""tone"": 3.5}}","{""type"": ""Small Room"", ""settings"": {""level"": 5.5, ""decay"": 5.5, ""tone"": 5.5}}",gain_neg,data/audio_stems_augmented\002_rush_tom_sawyer_aug_gain_neg.wav,1517.222639364135,2496.436000036253,0.0007080456,"[-357.90234375, 190.1939239501953, -116.51568603515625, 22.358386993408203]",0.014009073376655579,5.299705831794112,[0.00973399 0.01112178 0.01256526 ... 0.0128751  0.01078374 0.00826158],0.0001336009008809924,0.01918235421180725,0.0,0.9869636297225952,92.87981859410431
Tom Sawyer,Rush,https://www.youtube.com/watch?v=MNrI4MSTXBU,52,50s Twin,10.0,8.0,7.0,9.5,4.5,,"{""type"": ""Flanger"", ""settings"": {""level"": 6.0, ""speed"": 3.0, ""depth"": 7.0, ""feedback"": 8.0}}","{""type"": ""Delay"", ""settings"": {""level"": 3.0, ""time"": 400, ""feedback"": 6.5, ""tone"": 3.5}}","{""type"": ""Small Room"", ""settings"": {""level"": 5.5, ""decay"": 5.5, ""tone"": 5.5}}",gain_pos_tilt_hi,data/audio_stems_augmented\002_rush_tom_sawyer_aug_gain_pos_tilt_hi.wav,1531.8379321838756,2506.66135712732,0.00069136295,"[-325.9447326660156, 187.9390106201172, -118.81144714355469, 20.620849609375]",0.019511515274643898,5.325420739101581,[0.0135744  0.01550191 0.01751971 ... 0.01781574 0.01487892 0.01136355],0.000129823136376217,0.027265943586826324,0.0,0.9868488907814026,92.87981859410431
Tom Sawyer,Rush,https://www.youtube.com/watch?v=MNrI4MSTXBU,52,50s Twin,10.0,8.0,7.0,9.5,4.5,,"{""type"": ""Flanger"", ""settings"": {""level"": 6.0, ""speed"": 3.0, ""depth"": 7.0, ""feedback"": 8.0}}","{""type"": ""Delay"", ""settings"": {""level"": 3.0, ""time"": 400, ""feedback"": 6.5, ""tone"": 3.5}}","{""type"": ""Small Room"", ""settings"": {""level"": 5.5, ""decay"": 5.5, ""tone"": 5.5}}",pitch_pos,data/audio_stems_augmented\002_rush_tom_sawyer_aug_pitch_pos.wav,1616.5722160289713,2652.014641640081,0.00087708386,"[-371.54571533203125, 171.91127014160156, -114.92500305175781, 24.934040069580078]",0.011463209986686707,5.741905991958337,[0.01116851 0.01253069 0.01389988 ... 0.01022275 0.00846443 0.00638119],0.00015275130863301456,0.017442580312490463,0.0,0.9849682450294495,92.87981859410431
Tom Sawyer,Rush,https://www.youtube.com/watch?v=MNrI4MSTXBU,52,50s Twin,10.0,8.0,7.0,9.5,4.5,,"{""type"": ""Flanger"", ""settings"": {""level"": 6.0, ""speed"": 3.0, ""depth"": 7.0, ""feedback"": 8.0}}","{""type"": ""Delay"", ""settings"": {""level"": 3.0, ""time"": 400, ""feedback"": 6.5, ""tone"": 3.5}}","{""type"": ""Small Room"", ""settings"": {""level"": 5.5, ""decay"": 5.5, ""tone"": 5.5}}",pitch_neg_tilt_lo,data/audio_stems_augmented\002_rush_tom_sawyer_aug_pitch_neg_tilt_lo.wav,1414.4007732710272,2333.329896860499,0.0003702564,"[-388.75933837890625, 200.77667236328125, -112.7225112915039, 16.293197631835938]",0.011362256482243538,6.3488450516128925,[0.01132296 0.01306111 0.01459879 ... 0.01051877 0.00864159 0.00656077],5.8318692026659846e-05,0.014810316264629364,0.0,0.9852248430252075,92.87981859410431
Stick It Out,Rush,https://www.youtube.com/watch?v=ZNnWEZeJqoc,0,Burn,8.4,5.7,10.0,1.0,4.5,"{""type"": ""5 Band EQ"", ""settings"": {""low"": 0.0, ""low_mid"": 0.0, ""mid"": 2.0, ""high_mid"": 0.0, ""high"": -7.5}}","{""type"": ""Chorus"", ""settings"": {""level"": 10.0, ""speed"": 1.3, ""depth"": 3.5}}",,,none,data/audio_stems_augmented\003_rush_stick_it_out_orig.wav,1604.6463876392447,3060.771819544657,0.0026166819,"[-118.22209167480469, 146.52801513671875, -66.7554931640625, 55.181434631347656]",0.15221072733402252,5.477102282593998,[0.00027929 0.00034798 0.00040906 ... 0.12532656 0.1138617  0.09928061],0.0004777492431458086,0.20489853620529175,0.0,0.9859703183174133,92.87981859410431
Stick It Out,Rush,https://www.youtube.com/watch?v=ZNnWEZeJqoc,0,Burn,8.4,5.7,10.0,1.0,4.5,"{""type"": ""5 Band EQ"", ""settings"": {""low"": 0.0, ""low_mid"": 0.0, ""mid"": 2.0, ""high_mid"": 0.0, ""high"": -7.5}}","{""type"": ""Chorus"", ""settings"": {""level"": 10.0, ""speed"": 1.3, ""depth"": 3.5}}",,,gain_neg,data/audio_stems_augmented\003_rush_stick_it_out_aug_gain_neg.wav,1604.6618272500766,3060.771819544657,0.002630634,"[-135.19236755371094, 146.5271759033203, -66.75537872314453, 55.181358337402344]",0.12806935608386993,5.477040547492239,[0.00023618 0.00029444 0.00034588 ... 0.10544922 0.09580262 0.08353412],0.00048030196921899915,0.17240050435066223,0.0,0.985970139503479,92.87981859410431
Stick It Out,Rush,https://www.youtube.com/watch?v=ZNnWEZeJqoc,0,Burn,8.4,5.7,10.0,1.0,4.5,"{""type"": ""5 Band EQ"", ""settings"": {""low"": 0.0, ""low_mid"": 0.0, ""mid"": 2.0, ""high_mid"": 0.0, ""high"": -7.5}}","{""type"": ""Chorus"", ""settings"": {""level"": 10.0, ""speed"": 1.3, ""depth"": 3.5}}",,,gain_pos_tilt_hi,data/audio_stems_augmented\003_rush_stick_it_out_aug_gain_pos_tilt_hi.wav,1642.1142106853058,3104.451300610618,0.002717502,"[-103.14871978759766, 144.1611328125, -68.9540786743164, 53.38264083862305]",0.1719866693019867,5.538095461872582,[0.00030481 0.00038092 0.00044892 ... 0.13240606 0.11945029 0.10319535],0.0004906924441456795,0.23298780620098114,0.0,0.9861525297164917,92.87981859410431
Stick It Out,Rush,https://www.youtube.com/watch?v=ZNnWEZeJqoc,0,Burn,8.4,5.7,10.0,1.0,4.5,"{""type"": ""5 Band EQ"", ""settings"": {""low"": 0.0, ""low_mid"": 0.0, ""mid"": 2.0, ""high_mid"": 0.0, ""high"": -7.5}}","{""type"": ""Chorus"", ""settings"": {""level"": 10.0, ""speed"": 1.3, ""depth"": 3.5}}",,,pitch_pos,data/audio_stems_augmented\003_rush_stick_it_out_aug_pitch_pos.wav,1704.4793977637405,3263.488683901257,0.0031379056,"[-153.06639099121094, 132.70896911621094, -62.88915252685547, 54.18446731567383]",0.10731847584247589,5.436432241340045,[0.00029322 0.00034912 0.00039601 ... 0.09184001 0.08121923 0.0723426 ],0.0005771993310190737,0.2062937319278717,0.0,0.979923665523529,92.87981859410431
Stick It Out,Rush,https://www.youtube.com/watch?v=ZNnWEZeJqoc,0,Burn,8.4,5.7,10.0,1.0,4.5,"{""type"": ""5 Band EQ"", ""settings"": {""low"": 0.0, ""low_mid"": 0.0, ""mid"": 2.0, ""high_mid"": 0.0, ""high"": -7.5}}","{""type"": ""Chorus"", ""settings"": {""level"": 10.0, ""speed"": 1.3, ""depth"": 3.5}}",,,pitch_neg_tilt_lo,data/audio_stems_augmented\003_rush_stick_it_out_aug_pitch_neg_tilt_lo.wav,1519.627386614719,2868.07641201332,0.000994469,"[-169.6292724609375, 156.45352172851562, -72.1967544555664, 53.874359130859375]",0.09440450370311737,9.351605393203071,[0.00027981 0.00034529 0.00036919 ... 0.07948131 0.06863608 0.057385  ],0.00010634205682436004,0.19230520725250244,0.0,0.9781598448753357,92.87981859410431
Xanadu,Rush,https://www.youtube.com/watch?v=SEuOoMprDqg,455,Burn,10.0,4.9,8.9,7.6,4.1,"{""type"": ""Myth Drive"", ""settings"": {""level"": 10.0, ""gain"": 5.0, ""treble"": 5.0}}","{""type"": ""Chorus"", ""settings"": {""level"": 6.6, ""speed"": 3.1, ""depth"": 2.7}}","{""type"": ""Echo"", ""settings"": {""level"": 2.9, ""time"": 200, ""feedback"": 3.0, ""wow"": 3.0}}","{""type"": ""Small Room"", ""settings"": {""level"": 5.5, ""decay"": 5.5, ""tone"": 5.5}}",none,data/audio_stems_augmented\004_rush_xanadu_orig.wav,1265.8791058463253,2052.8910725433316,0.00018297903,"[-354.8555603027344, 190.59938049316406, -99.03209686279297, -17.942005157470703]",0.028634296730160713,6.879305936766851,"[5.2775082e-04 5.2926474e-04 5.3404865e-04 ... 5.2642477e-05 4.2994743e-05
 3.3912478e-05]",2.6598469048622064e-05,0.0704897940158844,1.0,0.9774487614631653,92.87981859410431
Xanadu,Rush,https://www.youtube.com/watch?v=SEuOoMprDqg,455,Burn,10.0,4.9,8.9,7.6,4.1,"{""type"": ""Myth Drive"", ""settings"": {""level"": 10.0, ""gain"": 5.0, ""treble"": 5.0}}","{""type"": ""Chorus"", ""settings"": {""level"": 6.6, ""speed"": 3.1, ""depth"": 2.7}}","{""type"": ""Echo"", ""settings"": {""level"": 2.9, ""time"": 200, ""feedback"": 3.0, ""wow"": 3.0}}","{""type"": ""Small Room"", ""settings"": {""level"": 5.5, ""decay"": 5.5, ""tone"": 5.5}}",gain_neg,data/audio_stems_augmented\004_rush_xanadu_aug_gain_neg.wav,1266.3229627844873,2053.207365186178,0.000188455,"[-371.8037109375, 190.59158325195312, -99.01429748535156, -17.928430557250977]",0.02409275434911251,6.87900127125601,"[4.4398790e-04 4.4531075e-04 4.4938963e-04 ... 4.6167097e-05 3.7925794e-05
 3.0195504e-05]",2.7395688448450528e-05,0.05931105837225914,1.0,0.9774484634399414,92.87981859410431
Xanadu,Rush,https://www.youtube.com/watch?v=SEuOoMprDqg,455,Burn,10.0,4.9,8.9,7.6,4.1,"{""type"": ""Myth Drive"", ""settings"": {""level"": 10.0, ""gain"": 5.0, ""treble"": 5.0}}","{""type"": ""Chorus"", ""settings"": {""level"": 6.6, ""speed"": 3.1, ""depth"": 2.7}}","{""type"": ""Echo"", ""settings"": {""level"": 2.9, ""time"": 200, ""feedback"": 3.0, ""wow"": 3.0}}","{""type"": ""Small Room"", ""settings"": {""level"": 5.5, ""decay"": 5.5, ""tone"": 5.5}}",gain_pos_tilt_hi,data/audio_stems_augmented\004_rush_xanadu_aug_gain_pos_tilt_hi.wav,1279.583566909767,2066.765029308487,0.00018557768,"[-338.463134765625, 188.74717712402344, -102.36602020263672, -20.554954528808594]",0.033974237740039825,6.928048064862462,"[6.0737599e-04 6.0908031e-04 6.1394559e-04 ... 5.6945617e-05 4.5537323e-05
 3.5285950e-05]",2.678642704267986e-05,0.08365502208471298,1.0,0.9775251150131226,92.87981859410431
Xanadu,Rush,https://www.youtube.com/watch?v=SEuOoMprDqg,455,Burn,10.0,4.9,8.9,7.6,4.1,"{""type"": ""Myth Drive"", ""settings"": {""level"": 10.0, ""gain"": 5.0, ""treble"": 5.0}}","{""type"": ""Chorus"", ""settings"": {""level"": 6.6, ""speed"": 3.1, ""depth"": 2.7}}","{""type"": ""Echo"", ""settings"": {""level"": 2.9, ""time"": 200, ""feedback"": 3.0, ""wow"": 3.0}}","{""type"": ""Small Room"", ""settings"": {""level"": 5.5, ""decay"": 5.5, ""tone"": 5.5}}",pitch_pos,data/audio_stems_augmented\004_rush_xanadu_aug_pitch_pos.wav,1341.3364071828235,2192.288792386968,0.00024432357,"[-383.5384826660156, 176.90530395507812, -100.15715789794922, -16.328413009643555]",0.019533563405275345,7.589337496594043,"[5.1605416e-04 5.1791454e-04 5.2052713e-04 ... 3.0210560e-05 2.3145029e-05
 1.6966293e-05]",3.2193001970881596e-05,0.055860500782728195,1.0,0.9735228419303894,92.87981859410431
Xanadu,Rush,https://www.youtube.com/watch?v=SEuOoMprDqg,455,Burn,10.0,4.9,8.9,7.6,4.1,"{""type"": ""Myth Drive"", ""settings"": {""level"": 10.0, ""gain"": 5.0, ""treble"": 5.0}}","{""type"": ""Chorus"", ""settings"": {""level"": 6.6, ""speed"": 3.1, ""depth"": 2.7}}","{""type"": ""Echo"", ""settings"": {""level"": 2.9, ""time"": 200, ""feedback"": 3.0, ""wow"": 3.0}}","{""type"": ""Small Room"", ""settings"": {""level"": 5.5, ""decay"": 5.5, ""tone"": 5.5}}",pitch_neg_tilt_lo,data/audio_stems_augmented\004_rush_xanadu_aug_pitch_neg_tilt_lo.wav,1193.6316968436995,1916.0336097364325,0.000104679595,"[-398.7768859863281, 196.47779846191406, -90.20918273925781, -24.10154914855957]",0.019992340356111526,6.621467526099646,"[5.2641268e-04 5.2775297e-04 5.3262047e-04 ... 3.9129711e-05 3.1333679e-05
 2.4314020e-05]",1.5809120668563992e-05,0.05290582776069641,1.0,0.9771904349327087,92.87981859410431
Mardy Bum,Arctic Monkeys,https://www.youtube.com/watch?v=XMRnlCpTWI4,0,Twin Clean,4.0,5.7,6.0,5.5,6.0,"{""type"": ""Compressor"", ""settings"": {""type"": ""mid""}}",,,"{""type"": ""Spring 65"", ""settings"": {""level"": 5.5, ""decay"": 4.5, ""tone"": 10.0}}",none,data/audio_stems_augmented\005_arctic_monkeys_mardy_bum_orig.wav,1701.5236401907607,2797.6394994571187,0.00041612022,"[-205.7159881591797, 159.29483032226562, -110.33158111572266, 43.16499710083008]",0.08972721546888351,6.969220217872634,[0.00027088 0.00033281 0.00038506 ... 0.01183022 0.01115066 0.01090285],5.9708283515647054e-05,0.324004203081131,1.0,0.9552740454673767,92.87981859410431
Mardy Bum,Arctic Monkeys,https://www.youtube.com/watch?v=XMRnlCpTWI4,0,Twin Clean,4.0,5.7,6.0,5.5,6.0,"{""type"": ""Compressor"", ""settings"": {""type"": ""mid""}}",,,"{""type"": ""Spring 65"", ""settings"": {""level"": 5.5, ""decay"": 4.5, ""tone"": 10.0}}",gain_neg,data/audio_stems_augmented\005_arctic_monkeys_mardy_bum_aug_gain_neg.wav,1701.5685762863943,2797.691096589207,0.0004216603,"[-222.68443298339844, 159.2965850830078, -110.32730102539062, 43.165802001953125]",0.07549606263637543,6.969192523254774,[0.00022976 0.00028206 0.00032624 ... 0.00995385 0.00938218 0.00917358],6.050345837138593e-05,0.2726151943206787,1.0,0.9552741050720215,92.87981859410431
Mardy Bum,Arctic Monkeys,https://www.youtube.com/watch?v=XMRnlCpTWI4,0,Twin Clean,4.0,5.7,6.0,5.5,6.0,"{""type"": ""Compressor"", ""settings"": {""type"": ""mid""}}",,,"{""type"": ""Spring 65"", ""settings"": {""level"": 5.5, ""decay"": 4.5, ""tone"": 10.0}}",gain_pos_tilt_hi,data/audio_stems_augmented\005_arctic_monkeys_mardy_bum_aug_gain_pos_tilt_hi.wav,1719.3295827178436,2812.4363162404925,0.0004167618,"[-190.56922912597656, 157.43309020996094, -113.16319274902344, 41.87431335449219]",0.10551559925079346,7.027193834599908,[0.00025325 0.00031079 0.00035975 ... 0.01398557 0.01319777 0.01291226],5.9306992625351995e-05,0.3854396641254425,1.0,0.9545209407806396,92.87981859410431
Mardy Bum,Arctic Monkeys,https://www.youtube.com/watch?v=XMRnlCpTWI4,0,Twin Clean,4.0,5.7,6.0,5.5,6.0,"{""type"": ""Compressor"", ""settings"": {""type"": ""mid""}}",,,"{""type"": ""Spring 65"", ""settings"": {""level"": 5.5, ""decay"": 4.5, ""tone"": 10.0}}",pitch_pos,data/audio_stems_augmented\005_arctic_monkeys_mardy_bum_aug_pitch_pos.wav,1806.7217224205344,3001.1431137594395,0.00053088466,"[-235.19276428222656, 146.88404846191406, -109.79635620117188, 48.08444595336914]",0.06138650327920914,7.989875616770953,[0.00028518 0.00033918 0.00038156 ... 0.00971727 0.00676158 0.00625943],6.644466338912025e-05,0.23587527871131897,1.0,0.9565401077270508,92.87981859410431
Mardy Bum,Arctic Monkeys,https://www.youtube.com/watch?v=XMRnlCpTWI4,0,Twin Clean,4.0,5.7,6.0,5.5,6.0,"{""type"": ""Compressor"", ""settings"": {""type"": ""mid""}}",,,"{""type"": ""Spring 65"", ""settings"": {""level"": 5.5, ""decay"": 4.5, ""tone"": 10.0}}",pitch_neg_tilt_lo,data/audio_stems_augmented\005_arctic_monkeys_mardy_bum_aug_pitch_neg_tilt_lo.wav,1597.0502000215872,2635.3895356075695,0.0001837634,"[-245.688720703125, 165.48902893066406, -106.20159149169922, 33.49401092529297]",0.06027683615684509,7.643338021529256,[0.00027125 0.00033325 0.00038577 ... 0.00890763 0.00646306 0.00581205],2.404229417152237e-05,0.21022027730941772,1.0,0.9609788656234741,92.87981859410431
Riot Van,Arctic Monkeys,https://www.youtube.com/watch?v=a62FZZa3fjE,0,Princeton,3.3,9.0,7.5,8.2,2.5,"{""type"": ""Compressor"", ""settings"": {""type"": ""mid""}}","{""type"": ""Tremolo"", ""settings"": {""level"": 7.0, ""speed"": 6.4}}","{""type"": ""Delay"", ""settings"": {""level"": 2.5, ""time"": 400, ""feedback"": 4.3, ""tone"": 5.3}}","{""type"": ""Arena"", ""settings"": {""level"": 4.5, ""decay"": 8.5, ""tone"": 4.6}}",none,data/audio_stems_augmented\006_arctic_monkeys_riot_van_orig.wav,948.0464853159209,1873.5583731255472,0.00025929112,"[-357.55950927734375, 179.1754608154297, -22.18813705444336, 62.219207763671875]",0.03927379846572876,7.189830665510083,"[3.5137429e-05 4.3384320e-05 5.0558232e-05 ... 2.5696663e-02 2.2150226e-02
 1.8550780e-02]",3.606358586694114e-05,0.24079415202140808,1.0,0.9567199349403381,92.87981859410431
Riot Van,Arctic Monkeys,https://www.youtube.com/watch?v=a62FZZa3fjE,0,Princeton,3.3,9.0,7.5,8.2,2.5,"{""type"": ""Compressor"", ""settings"": {""type"": ""mid""}}","{""type"": ""Tremolo"", ""settings"": {""level"": 7.0, ""speed"": 6.4}}","{""type"": ""Delay"", ""settings"": {""level"": 2.5, ""time"": 400, ""feedback"": 4.3, ""tone"": 5.3}}","{""type"": ""Arena"", ""settings"": {""level"": 4.5, ""decay"": 8.5, ""tone"": 4.6}}",gain_neg,data/audio_stems_augmented\006_arctic_monkeys_riot_van_aug_gain_neg.wav,948.318326331994,1873.6997908343367,0.00026394415,"[-374.5203552246094, 179.1680450439453, -22.18184471130371, 62.219207763671875]",0.03304476663470268,7.190326855111492,"[2.5634155e-05 3.1751770e-05 3.7242171e-05 ... 2.1621162e-02 1.8637571e-02
 1.5608853e-02]",3.670822479762137e-05,0.20260298252105713,1.0,0.9567199945449829,92.87981859410431
Riot Van,Arctic Monkeys,https://www.youtube.com/watch?v=a62FZZa3fjE,0,Princeton,3.3,9.0,7.5,8.2,2.5,"{""type"": ""Compressor"", ""settings"": {""type"": ""mid""}}","{""type"": ""Tremolo"", ""settings"": {""level"": 7.0, ""speed"": 6.4}}","{""type"": ""Delay"", ""settings"": {""level"": 2.5, ""time"": 400, ""feedback"": 4.3, ""tone"": 5.3}}","{""type"": ""Arena"", ""settings"": {""level"": 4.5, ""decay"": 8.5, ""tone"": 4.6}}",gain_pos_tilt_hi,data/audio_stems_augmented\006_arctic_monkeys_riot_van_aug_gain_pos_tilt_hi.wav,981.7594577132779,1938.2808006614264,0.00027930687,"[-343.05255126953125, 177.67266845703125, -25.155488967895508, 61.13344192504883]",0.043738558888435364,7.387365702787921,"[2.7441969e-05 3.3818480e-05 3.9614810e-05 ... 2.8095713e-02 2.4211556e-02
 2.0231601e-02]",3.780871702474542e-05,0.27302253246307373,1.0,0.9554175138473511,92.87981859410431
Riot Van,Arctic Monkeys,https://www.youtube.com/watch?v=a62FZZa3fjE,0,Princeton,3.3,9.0,7.5,8.2,2.5,"{""type"": ""Compressor"", ""settings"": {""type"": ""mid""}}","{""type"": ""Tremolo"", ""settings"": {""level"": 7.0, ""speed"": 6.4}}","{""type"": ""Delay"", ""settings"": {""level"": 2.5, ""time"": 400, ""feedback"": 4.3, ""tone"": 5.3}}","{""type"": ""Arena"", ""settings"": {""level"": 4.5, ""decay"": 8.5, ""tone"": 4.6}}",pitch_pos,data/audio_stems_augmented\006_arctic_monkeys_riot_van_aug_pitch_pos.wav,1034.9771258507699,2053.736312746063,0.00030665443,"[-387.0784912109375, 165.56686401367188, -18.132343292236328, 58.654144287109375]",0.02735098823904991,6.373079891908252,"[3.93325645e-05 4.60289884e-05 5.12505685e-05 ... 1.84706505e-02
 1.45839900e-02 1.13556525e-02]",4.81171409774106e-05,0.16434864699840546,1.0,0.957495927810669,92.87981859410431
Riot Van,Arctic Monkeys,https://www.youtube.com/watch?v=a62FZZa3fjE,0,Princeton,3.3,9.0,7.5,8.2,2.5,"{""type"": ""Compressor"", ""settings"": {""type"": ""mid""}}","{""type"": ""Tremolo"", ""settings"": {""level"": 7.0, ""speed"": 6.4}}","{""type"": ""Delay"", ""settings"": {""level"": 2.5, ""time"": 400, ""feedback"": 4.3, ""tone"": 5.3}}","{""type"": ""Arena"", ""settings"": {""level"": 4.5, ""decay"": 8.5, ""tone"": 4.6}}",pitch_neg_tilt_lo,data/audio_stems_augmented\006_arctic_monkeys_riot_van_aug_pitch_neg_tilt_lo.wav,893.2709475177658,1737.043478636615,0.00014218234,"[-400.47467041015625, 182.16464233398438, -22.071552276611328, 57.26793670654297]",0.027573375031352043,6.80753862357514,"[3.5130961e-05 4.3614313e-05 5.1010433e-05 ... 1.9339282e-02 1.6458942e-02
 1.2592593e-02]",2.0886011043330655e-05,0.17597638070583344,1.0,0.9583281874656677,92.87981859410431
chase,batta,https://www.youtube.com/watch?v=oDba5-eFQJE,0,70s Uk Cln,9.0,6.0,10.0,4.0,5.5,"{""type"": ""Blues Drive"", ""settings"": {""level"": 8.1, ""gain"": 7.6, ""tone"": 5.0, ""blend"": 5.0}}",,"{""type"": ""Echo"", ""settings"": {""level"": 5.0, ""time"": 300, ""feedback"": 5.0, ""wow"": 5.0}}","{""type"": ""Plate"", ""settings"": {""level"": 1.0, ""decay"": 2.5, ""tone"": 5.5}}",none,data/audio_stems_augmented\007_batta_chase_orig.wav,2256.3855212268013,3587.4450629243656,0.0026040042,"[-153.5597686767578, 133.14071655273438, -125.4075698852539, 62.24036407470703]",0.07321994751691818,4.402526717643093,[0.00024496 0.00029998 0.00034633 ... 0.05618665 0.0485194  0.03769326],0.0005914793582633138,0.06232495605945587,0.0,0.9936367869377136,92.87981859410431
chase,batta,https://www.youtube.com/watch?v=oDba5-eFQJE,0,70s Uk Cln,9.0,6.0,10.0,4.0,5.5,"{""type"": ""Blues Drive"", ""settings"": {""level"": 8.1, ""gain"": 7.6, ""tone"": 5.0, ""blend"": 5.0}}",,"{""type"": ""Echo"", ""settings"": {""level"": 5.0, ""time"": 300, ""feedback"": 5.0, ""wow"": 5.0}}","{""type"": ""Plate"", ""settings"": {""level"": 1.0, ""decay"": 2.5, ""tone"": 5.5}}",gain_neg,data/audio_stems_augmented\007_batta_chase_aug_gain_neg.wav,2256.3976371265558,3587.464237637745,0.002631151,"[-170.52769470214844, 133.1407012939453, -125.40442657470703, 62.240936279296875]",0.06160693243145943,4.402188258770143,[0.00021106 0.00025837 0.00029827 ... 0.04727533 0.04082422 0.03171508],0.0005976914544589818,0.05243702977895737,0.0,0.9936368465423584,92.87981859410431
chase,batta,https://www.youtube.com/watch?v=oDba5-eFQJE,0,70s Uk Cln,9.0,6.0,10.0,4.0,5.5,"{""type"": ""Blues Drive"", ""settings"": {""level"": 8.1, ""gain"": 7.6, ""tone"": 5.0, ""blend"": 5.0}}",,"{""type"": ""Echo"", ""settings"": {""level"": 5.0, ""time"": 300, ""feedback"": 5.0, ""wow"": 5.0}}","{""type"": ""Plate"", ""settings"": {""level"": 1.0, ""decay"": 2.5, ""tone"": 5.5}}",gain_pos_tilt_hi,data/audio_stems_augmented\007_batta_chase_aug_gain_pos_tilt_hi.wav,2270.850871121382,3594.961550569067,0.0025829456,"[-138.4344482421875, 130.7125244140625, -127.5396957397461, 60.38823699951172]",0.08643517643213272,4.4083680722264935,[0.00021175 0.00025852 0.00029806 ... 0.06498718 0.05625127 0.04394104],0.0005859186640009284,0.07343441992998123,0.0,0.9935743808746338,92.87981859410431
chase,batta,https://www.youtube.com/watch?v=oDba5-eFQJE,0,70s Uk Cln,9.0,6.0,10.0,4.0,5.5,"{""type"": ""Blues Drive"", ""settings"": {""level"": 8.1, ""gain"": 7.6, ""tone"": 5.0, ""blend"": 5.0}}",,"{""type"": ""Echo"", ""settings"": {""level"": 5.0, ""time"": 300, ""feedback"": 5.0, ""wow"": 5.0}}","{""type"": ""Plate"", ""settings"": {""level"": 1.0, ""decay"": 2.5, ""tone"": 5.5}}",pitch_pos,data/audio_stems_augmented\007_batta_chase_aug_pitch_pos.wav,2395.47447524742,3812.526412366548,0.0037244605,"[-185.0718994140625, 115.87015533447266, -117.78793334960938, 60.467288970947266]",0.0493655763566494,5.503065039513479,[0.00025871 0.00030766 0.00034621 ... 0.03548709 0.03059432 0.0237342 ],0.0006767973536625504,0.0547676682472229,0.0,0.992888331413269,92.87981859410431
chase,batta,https://www.youtube.com/watch?v=oDba5-eFQJE,0,70s Uk Cln,9.0,6.0,10.0,4.0,5.5,"{""type"": ""Blues Drive"", ""settings"": {""level"": 8.1, ""gain"": 7.6, ""tone"": 5.0, ""blend"": 5.0}}",,"{""type"": ""Echo"", ""settings"": {""level"": 5.0, ""time"": 300, ""feedback"": 5.0, ""wow"": 5.0}}","{""type"": ""Plate"", ""settings"": {""level"": 1.0, ""decay"": 2.5, ""tone"": 5.5}}",pitch_neg_tilt_lo,data/audio_stems_augmented\007_batta_chase_aug_pitch_neg_tilt_lo.wav,2101.1012614584765,3342.564798356801,0.0010631747,"[-204.50973510742188, 149.3151092529297, -131.78958129882812, 60.25560760498047]",0.04865970090031624,6.100919109409512,[0.00024409 0.00030022 0.00034634 ... 0.03819844 0.03191264 0.02347868],0.0001742646418279037,0.04584105685353279,0.0,0.9919429421424866,92.87981859410431
Apple Cider,Beabadoobee,https://www.youtube.com/watch?v=laDnsiKURTQ,0,50s Twin,4.5,10.0,7.0,10.0,10.0,"{""type"": ""Myth Drive"", ""settings"": {""level"": 6.5, ""gain"": 5.0, ""treble"": 5.0}}","{""type"": ""Chorus"", ""settings"": {""level"": 10.0, ""speed"": 4.0, ""depth"": 4.5}}","{""type"": ""Delay"", ""settings"": {""level"": 2.5, ""time"": 316, ""feedback"": 3.0, ""tone"": 4.5}}","{""type"": ""Plate"", ""settings"": {""level"": 4.0, ""decay"": 9.5, ""tone"": 1.5}}",none,data/audio_stems_augmented\008_beabadoobee_apple_cider_orig.wav,1590.5721652123814,3092.900367665067,0.0009069553,"[-186.94708251953125, 158.4351348876953, -68.33262634277344, 79.68905639648438]",0.08923044800758362,4.849969209889373,"[4.8698126e-05 5.9713264e-05 7.0462273e-05 ... 7.0400804e-02 5.6100406e-02
 4.5206584e-02]",0.00018700222426559776,0.13486187160015106,0.0,0.9888593554496765,92.87981859410431
Apple Cider,Beabadoobee,https://www.youtube.com/watch?v=laDnsiKURTQ,0,50s Twin,4.5,10.0,7.0,10.0,10.0,"{""type"": ""Myth Drive"", ""settings"": {""level"": 6.5, ""gain"": 5.0, ""treble"": 5.0}}","{""type"": ""Chorus"", ""settings"": {""level"": 10.0, ""speed"": 4.0, ""depth"": 4.5}}","{""type"": ""Delay"", ""settings"": {""level"": 2.5, ""time"": 316, ""feedback"": 3.0, ""tone"": 4.5}}","{""type"": ""Plate"", ""settings"": {""level"": 4.0, ""decay"": 9.5, ""tone"": 1.5}}",gain_neg,data/audio_stems_augmented\008_beabadoobee_apple_cider_aug_gain_neg.wav,1590.5997812175372,3092.917243216105,0.0009142922,"[-203.9162139892578, 158.43214416503906, -68.33165740966797, 79.68728637695312]",0.07507804036140442,4.850031918824175,"[4.1853156e-05 5.1555777e-05 6.0777569e-05 ... 5.9234530e-02 4.7202561e-02
 3.8036622e-02]",0.00018851258209906518,0.11347166448831558,0.0,0.9888594746589661,92.87981859410431
Apple Cider,Beabadoobee,https://www.youtube.com/watch?v=laDnsiKURTQ,0,50s Twin,4.5,10.0,7.0,10.0,10.0,"{""type"": ""Myth Drive"", ""settings"": {""level"": 6.5, ""gain"": 5.0, ""treble"": 5.0}}","{""type"": ""Chorus"", ""settings"": {""level"": 10.0, ""speed"": 4.0, ""depth"": 4.5}}","{""type"": ""Delay"", ""settings"": {""level"": 2.5, ""time"": 316, ""feedback"": 3.0, ""tone"": 4.5}}","{""type"": ""Plate"", ""settings"": {""level"": 4.0, ""decay"": 9.5, ""tone"": 1.5}}",gain_pos_tilt_hi,data/audio_stems_augmented\008_beabadoobee_apple_cider_aug_gain_pos_tilt_hi.wav,1628.148131127663,3127.984638273903,0.00095798547,"[-172.5383758544922, 157.0360565185547, -71.43370056152344, 78.78194427490234]",0.10066930949687958,5.020667279481411,"[4.8935668e-05 6.0417358e-05 7.1500137e-05 ... 8.0580890e-02 6.3930713e-02
 5.1750917e-02]",0.00019080835045315325,0.15331129729747772,0.0,0.9881073832511902,92.87981859410431
Apple Cider,Beabadoobee,https://www.youtube.com/watch?v=laDnsiKURTQ,0,50s Twin,4.5,10.0,7.0,10.0,10.0,"{""type"": ""Myth Drive"", ""settings"": {""level"": 6.5, ""gain"": 5.0, ""treble"": 5.0}}","{""type"": ""Chorus"", ""settings"": {""level"": 10.0, ""speed"": 4.0, ""depth"": 4.5}}","{""type"": ""Delay"", ""settings"": {""level"": 2.5, ""time"": 316, ""feedback"": 3.0, ""tone"": 4.5}}","{""type"": ""Plate"", ""settings"": {""level"": 4.0, ""decay"": 9.5, ""tone"": 1.5}}",pitch_pos,data/audio_stems_augmented\008_beabadoobee_apple_cider_aug_pitch_pos.wav,1717.6850943455865,3318.5264850484914,0.0011872957,"[-220.0435028076172, 147.03819274902344, -65.00920104980469, 79.33328247070312]",0.058107949793338776,5.099484410708087,"[5.0508737e-05 6.0492577e-05 6.9143032e-05 ... 4.1552920e-02 3.4513783e-02
 2.5844760e-02]",0.00023282656911760569,0.08465947955846786,0.0,0.9870278835296631,92.87981859410431
Apple Cider,Beabadoobee,https://www.youtube.com/watch?v=laDnsiKURTQ,0,50s Twin,4.5,10.0,7.0,10.0,10.0,"{""type"": ""Myth Drive"", ""settings"": {""level"": 6.5, ""gain"": 5.0, ""treble"": 5.0}}","{""type"": ""Chorus"", ""settings"": {""level"": 10.0, ""speed"": 4.0, ""depth"": 4.5}}","{""type"": ""Delay"", ""settings"": {""level"": 2.5, ""time"": 316, ""feedback"": 3.0, ""tone"": 4.5}}","{""type"": ""Plate"", ""settings"": {""level"": 4.0, ""decay"": 9.5, ""tone"": 1.5}}",pitch_neg_tilt_lo,data/audio_stems_augmented\008_beabadoobee_apple_cider_aug_pitch_neg_tilt_lo.wav,1481.1540172730258,2896.553331333268,0.000368045,"[-238.0565185546875, 168.5036163330078, -74.63802337646484, 78.34528350830078]",0.061180323362350464,5.580635483158057,"[4.6958172e-05 5.6379820e-05 6.7151137e-05 ... 5.0110329e-02 4.1651931e-02
 3.3188641e-02]",6.595036393264309e-05,0.09262540936470032,0.0,0.9877023696899414,92.87981859410431
Animal Nitrate,Suede,https://www.youtube.com/watch?v=i7mEB2wnDLQ,127,60s Uk Cln,5.0,9.0,7.0,4.0,5.0,"{""type"": ""Rock Dirt"", ""settings"": {""level"": 6.5, ""distort"": 5.0, ""filter"": 5.0}}","{""type"": ""Flanger"", ""settings"": {""level"": 7.5, ""speed"": 3.0, ""depth"": 7.0, ""feedback"": 8.0}}",,"{""type"": ""Large Hall"", ""settings"": {""level"": 6.5, ""decay"": 4.0, ""tone"": 5.0}}",none,data/audio_stems_augmented\009_suede_animal_nitrate_orig.wav,2109.053938673174,4352.8545760223315,0.004984261,"[-96.83525848388672, 123.37781524658203, -63.25582504272461, 52.095733642578125]",0.11093427240848541,5.135446428073346,[0.07000133 0.08204055 0.09003399 ... 0.15855716 0.14203186 0.11943916],0.0009705601842142642,0.11833912134170532,0.0,0.9872063398361206,92.87981859410431
Animal Nitrate,Suede,https://www.youtube.com/watch?v=i7mEB2wnDLQ,127,60s Uk Cln,5.0,9.0,7.0,4.0,5.0,"{""type"": ""Rock Dirt"", ""settings"": {""level"": 6.5, ""distort"": 5.0, ""filter"": 5.0}}","{""type"": ""Flanger"", ""settings"": {""level"": 7.5, ""speed"": 3.0, ""depth"": 7.0, ""feedback"": 8.0}}",,"{""type"": ""Large Hall"", ""settings"": {""level"": 6.5, ""decay"": 4.0, ""tone"": 5.0}}",gain_neg,data/audio_stems_augmented\009_suede_animal_nitrate_aug_gain_neg.wav,2109.0575051744217,4352.88788337442,0.005016504,"[-113.8056869506836, 123.3785629272461, -63.255584716796875, 52.09642791748047]",0.09333958476781845,5.135709384936006,[0.0588989  0.06902859 0.07575425 ... 0.13340966 0.1195055  0.10049612],0.0009767886949703097,0.09956962615251541,0.0,0.9872065186500549,92.87981859410431
Animal Nitrate,Suede,https://www.youtube.com/watch?v=i7mEB2wnDLQ,127,60s Uk Cln,5.0,9.0,7.0,4.0,5.0,"{""type"": ""Rock Dirt"", ""settings"": {""level"": 6.5, ""distort"": 5.0, ""filter"": 5.0}}","{""type"": ""Flanger"", ""settings"": {""level"": 7.5, ""speed"": 3.0, ""depth"": 7.0, ""feedback"": 8.0}}",,"{""type"": ""Large Hall"", ""settings"": {""level"": 6.5, ""decay"": 4.0, ""tone"": 5.0}}",gain_pos_tilt_hi,data/audio_stems_augmented\009_suede_animal_nitrate_aug_gain_pos_tilt_hi.wav,2145.9291216448796,4387.6357784404,0.005240686,"[-81.77151489257812, 121.06121063232422, -65.47376251220703, 50.3552131652832]",0.12712138891220093,4.987820997771298,[0.08044501 0.09456879 0.10390276 ... 0.17886512 0.15950729 0.13263544],0.0010506962426006794,0.1323152631521225,0.0,0.9874666929244995,92.87981859410431
Animal Nitrate,Suede,https://www.youtube.com/watch?v=i7mEB2wnDLQ,127,60s Uk Cln,5.0,9.0,7.0,4.0,5.0,"{""type"": ""Rock Dirt"", ""settings"": {""level"": 6.5, ""distort"": 5.0, ""filter"": 5.0}}","{""type"": ""Flanger"", ""settings"": {""level"": 7.5, ""speed"": 3.0, ""depth"": 7.0, ""feedback"": 8.0}}",,"{""type"": ""Large Hall"", ""settings"": {""level"": 6.5, ""decay"": 4.0, ""tone"": 5.0}}",pitch_pos,data/audio_stems_augmented\009_suede_animal_nitrate_aug_pitch_pos.wav,2235.6219604132584,4618.064367024362,0.006402068,"[-129.85919189453125, 109.88240814208984, -56.6510124206543, 46.02735137939453]",0.07742668688297272,4.973295939516588,[0.0706994  0.0785111  0.08480028 ... 0.10152225 0.08842706 0.0724024 ],0.0012872883817180991,0.10293880105018616,0.0,0.9805418252944946,92.87981859410431
Animal Nitrate,Suede,https://www.youtube.com/watch?v=i7mEB2wnDLQ,127,60s Uk Cln,5.0,9.0,7.0,4.0,5.0,"{""type"": ""Rock Dirt"", ""settings"": {""level"": 6.5, ""distort"": 5.0, ""filter"": 5.0}}","{""type"": ""Flanger"", ""settings"": {""level"": 7.5, ""speed"": 3.0, ""depth"": 7.0, ""feedback"": 8.0}}",,"{""type"": ""Large Hall"", ""settings"": {""level"": 6.5, ""decay"": 4.0, ""tone"": 5.0}}",pitch_neg_tilt_lo,data/audio_stems_augmented\009_suede_animal_nitrate_aug_pitch_neg_tilt_lo.wav,1909.327076355844,3948.961297763196,0.0018451725,"[-147.79876708984375, 138.84341430664062, -71.26493072509766, 56.450809478759766]",0.07506029307842255,4.7747437167855935,[0.06992153 0.08026557 0.08903901 ... 0.10574128 0.09403862 0.0809849 ],0.0003864442405756563,0.11397384852170944,0.0,0.9840233325958252,92.87981859410431
A New England,Billy Bragg,https://www.youtube.com/watch?v=sEDlFOd0xsk,30,Twin Clean,3.0,6.5,8.0,1.5,8.0,"{""type"": ""Compressor"", ""settings"": {""type"": ""mid""}}",,,"{""type"": ""Plate"", ""settings"": {""level"": 10.0, ""decay"": 2.0, ""tone"": 9.0}}",none,data/audio_stems_augmented\010_billy_bragg_a_new_england_orig.wav,1320.7672699707705,2529.5180376838234,0.00026906238,"[-237.00686645507812, 162.90603637695312, -64.33058166503906, 60.78572463989258]",0.08508569002151489,10.40880347492282,[0.0433056  0.05296503 0.06808569 ... 0.01527893 0.01194973 0.00935775],2.5849498342722654e-05,0.24646925926208496,1.0,0.9336847066879272,92.87981859410431
A New England,Billy Bragg,https://www.youtube.com/watch?v=sEDlFOd0xsk,30,Twin Clean,3.0,6.5,8.0,1.5,8.0,"{""type"": ""Compressor"", ""settings"": {""type"": ""mid""}}",,,"{""type"": ""Plate"", ""settings"": {""level"": 10.0, ""decay"": 2.0, ""tone"": 9.0}}",gain_neg,data/audio_stems_augmented\010_billy_bragg_a_new_england_aug_gain_neg.wav,1320.8813316754706,2529.5764988687783,0.00027188883,"[-253.97802734375, 162.90603637695312, -64.3299789428711, 60.786006927490234]",0.07159068435430527,10.408725948790135,[0.03643729 0.04456469 0.05728713 ... 0.01285561 0.01005438 0.00787356],2.6121238988707773e-05,0.20737820863723755,1.0,0.9336844682693481,92.87981859410431
A New England,Billy Bragg,https://www.youtube.com/watch?v=sEDlFOd0xsk,30,Twin Clean,3.0,6.5,8.0,1.5,8.0,"{""type"": ""Compressor"", ""settings"": {""type"": ""mid""}}",,,"{""type"": ""Plate"", ""settings"": {""level"": 10.0, ""decay"": 2.0, ""tone"": 9.0}}",gain_pos_tilt_hi,data/audio_stems_augmented\010_billy_bragg_a_new_england_aug_gain_pos_tilt_hi.wav,1385.104465216887,2610.526476408306,0.0002993401,"[-216.3866729736328, 161.50543212890625, -69.07608795166016, 59.298885345458984]",0.09747481346130371,10.25895516529322,[0.04821315 0.0587529  0.07555767 ... 0.0173059  0.01361774 0.01070423],2.91784181172261e-05,0.2823103368282318,1.0,0.931804895401001,92.87981859410431
A New England,Billy Bragg,https://www.youtube.com/watch?v=sEDlFOd0xsk,30,Twin Clean,3.0,6.5,8.0,1.5,8.0,"{""type"": ""Compressor"", ""settings"": {""type"": ""mid""}}",,,"{""type"": ""Plate"", ""settings"": {""level"": 10.0, ""decay"": 2.0, ""tone"": 9.0}}",pitch_pos,data/audio_stems_augmented\010_billy_bragg_a_new_england_aug_pitch_pos.wav,1428.8604051605105,2706.5347792227058,0.0003837275,"[-270.8148193359375, 154.4474334716797, -65.78419494628906, 67.90538024902344]",0.05755264312028885,11.438992862965108,[0.04242623 0.05294472 0.06608269 ... 0.01065721 0.00803524 0.00567127],3.3545566111570224e-05,0.17357194423675537,1.0,0.9356787800788879,92.87981859410431
A New England,Billy Bragg,https://www.youtube.com/watch?v=sEDlFOd0xsk,30,Twin Clean,3.0,6.5,8.0,1.5,8.0,"{""type"": ""Compressor"", ""settings"": {""type"": ""mid""}}",,,"{""type"": ""Plate"", ""settings"": {""level"": 10.0, ""decay"": 2.0, ""tone"": 9.0}}",pitch_neg_tilt_lo,data/audio_stems_augmented\010_billy_bragg_a_new_england_aug_pitch_neg_tilt_lo.wav,1281.4105302597648,2437.88671875,0.00012900513,"[-276.9774475097656, 173.37039184570312, -71.3346939086914, 54.15385055541992]",0.058230236172676086,11.550629285637738,[0.04130436 0.05133879 0.06689984 ... 0.00967373 0.00757371 0.00512453],1.1168665878358297e-05,0.19501812756061554,1.0,0.9340791702270508,92.87981859410431
Celebrated Summer,Husker Du,https://www.youtube.com/watch?v=lF40NLLSr0s,0,Twin Clean,4.5,9.0,3.5,8.0,6.0,"{""type"": ""Fuzz"", ""settings"": {""level"": 5.0, ""gain"": 5.0, ""vari"": ""loose""}}","{""type"": ""Chorus"", ""settings"": {""level"": 9.0, ""speed"": 3.5, ""depth"": 2.5}}",,"{""type"": ""Plate"", ""settings"": {""level"": 2.5, ""decay"": 1.5, ""tone"": 7.0}}",none,data/audio_stems_augmented\011_husker_du_celebrated_summer_orig.wav,2372.5511944900595,4345.920157596983,0.026531745,"[-116.91993713378906, 97.17232513427734, -71.64847564697266, 14.454961776733398]",0.07339895516633987,4.521926191035449,[0.00127911 0.00180845 0.00250238 ... 0.08424034 0.07243199 0.06058295],0.0058673531748354435,0.08582740277051926,1.0,0.9932968020439148,92.87981859410431
Celebrated Summer,Husker Du,https://www.youtube.com/watch?v=lF40NLLSr0s,0,Twin Clean,4.5,9.0,3.5,8.0,6.0,"{""type"": ""Fuzz"", ""settings"": {""level"": 5.0, ""gain"": 5.0, ""vari"": ""loose""}}","{""type"": ""Chorus"", ""settings"": {""level"": 9.0, ""speed"": 3.5, ""depth"": 2.5}}",,"{""type"": ""Plate"", ""settings"": {""level"": 2.5, ""decay"": 1.5, ""tone"": 7.0}}",gain_neg,data/audio_stems_augmented\011_husker_du_celebrated_summer_aug_gain_neg.wav,2372.5734606464343,4345.920157596983,0.026658267,"[-133.88851928710938, 97.17288208007812, -71.6467514038086, 14.456965446472168]",0.06175759434700012,4.521902746891779,[0.00107821 0.00152352 0.00210716 ... 0.07087947 0.06094379 0.05097419],0.005895364098250866,0.07221274822950363,1.0,0.9932971000671387,92.87981859410431
Celebrated Summer,Husker Du,https://www.youtube.com/watch?v=lF40NLLSr0s,0,Twin Clean,4.5,9.0,3.5,8.0,6.0,"{""type"": ""Fuzz"", ""settings"": {""level"": 5.0, ""gain"": 5.0, ""vari"": ""loose""}}","{""type"": ""Chorus"", ""settings"": {""level"": 9.0, ""speed"": 3.5, ""depth"": 2.5}}",,"{""type"": ""Plate"", ""settings"": {""level"": 2.5, ""decay"": 1.5, ""tone"": 7.0}}",gain_pos_tilt_hi,data/audio_stems_augmented\011_husker_du_celebrated_summer_aug_gain_pos_tilt_hi.wav,2396.638544842584,4375.142661757947,0.02664782,"[-100.5855712890625, 94.50021362304688, -74.12806701660156, 12.595961570739746]",0.08655279129743576,4.534244529380042,[0.00108062 0.0015657  0.00219408 ... 0.09911001 0.08521168 0.07119003],0.005877012852579355,0.10320080071687698,0.7788437008857727,0.9931768774986267,92.87981859410431
Celebrated Summer,Husker Du,https://www.youtube.com/watch?v=lF40NLLSr0s,0,Twin Clean,4.5,9.0,3.5,8.0,6.0,"{""type"": ""Fuzz"", ""settings"": {""level"": 5.0, ""gain"": 5.0, ""vari"": ""loose""}}","{""type"": ""Chorus"", ""settings"": {""level"": 9.0, ""speed"": 3.5, ""depth"": 2.5}}",,"{""type"": ""Plate"", ""settings"": {""level"": 2.5, ""decay"": 1.5, ""tone"": 7.0}}",pitch_pos,data/audio_stems_augmented\011_husker_du_celebrated_summer_aug_pitch_pos.wav,2517.3614877650925,4601.1940351326575,0.029266667,"[-152.9136962890625, 84.39904022216797, -69.95101165771484, 12.2644624710083]",0.04947773367166519,5.666373599915525,[0.00126026 0.00140871 0.00173091 ... 0.05574258 0.04831962 0.03706849],0.00516497204080224,0.06646181643009186,1.0,0.992006242275238,92.87981859410431
Celebrated Summer,Husker Du,https://www.youtube.com/watch?v=lF40NLLSr0s,0,Twin Clean,4.5,9.0,3.5,8.0,6.0,"{""type"": ""Fuzz"", ""settings"": {""level"": 5.0, ""gain"": 5.0, ""vari"": ""loose""}}","{""type"": ""Chorus"", ""settings"": {""level"": 9.0, ""speed"": 3.5, ""depth"": 2.5}}",,"{""type"": ""Plate"", ""settings"": {""level"": 2.5, ""decay"": 1.5, ""tone"": 7.0}}",pitch_neg_tilt_lo,data/audio_stems_augmented\011_husker_du_celebrated_summer_aug_pitch_neg_tilt_lo.wav,2148.8962855776126,3912.4359790271174,0.008291806,"[-168.97793579101562, 115.88996124267578, -81.32566833496094, 23.6197452545166]",0.04940441623330116,5.747053026214896,[0.00128743 0.00185092 0.00232697 ... 0.05035527 0.04387015 0.03439267],0.0014427924761548638,0.07307060062885284,1.0,0.9906886219978333,92.87981859410431
Samba Pa Ti,Santana,https://www.youtube.com/watch?v=timZoOs9ozo,0,Champ,7.5,3.5,7.0,1.0,5.0,"{""type"": ""Overdrive"", ""settings"": {""level"": 3.0, ""gain"": 7.5, ""low"": 3.0, ""mid"": 5.0, ""high"": 5.0}}","{""type"": ""Touch Wah"", ""settings"": {""level"": 5.0, ""thresh"": 5.0, ""mode"": ""LO-DOWN"", ""filter"": ""LPF"", ""peak"": 5.0}}",,"{""type"": ""Spring 65"", ""settings"": {""level"": 5.5, ""decay"": 5.9, ""tone"": 5.5}}",none,data/audio_stems_augmented\012_santana_samba_pa_ti_orig.wav,1062.1335100958806,1947.2316003970163,0.00046196894,"[-313.0169677734375, 139.49644470214844, 5.184605598449707, 22.99127960205078]",0.07048894464969635,7.161614040874759,[0.00014857 0.000181   0.00020838 ... 0.0436018  0.03835283 0.03191018],6.45062536932528e-05,0.22855590283870697,1.0,0.925452470779419,92.87981859410431
Samba Pa Ti,Santana,https://www.youtube.com/watch?v=timZoOs9ozo,0,Champ,7.5,3.5,7.0,1.0,5.0,"{""type"": ""Overdrive"", ""settings"": {""level"": 3.0, ""gain"": 7.5, ""low"": 3.0, ""mid"": 5.0, ""high"": 5.0}}","{""type"": ""Touch Wah"", ""settings"": {""level"": 5.0, ""thresh"": 5.0, ""mode"": ""LO-DOWN"", ""filter"": ""LPF"", ""peak"": 5.0}}",,"{""type"": ""Spring 65"", ""settings"": {""level"": 5.5, ""decay"": 5.9, ""tone"": 5.5}}",gain_neg,data/audio_stems_augmented\012_santana_samba_pa_ti_aug_gain_neg.wav,1062.352489113909,1947.3973998435997,0.00046527278,"[-329.9852600097656, 139.4939422607422, 5.181772708892822, 22.993410110473633]",0.059309039264917374,7.16141242878912,[0.00012447 0.0001513  0.00017415 ... 0.03668624 0.03226986 0.02684913],6.496941205114126e-05,0.19230642914772034,1.0,0.9254521727561951,92.87981859410431
Samba Pa Ti,Santana,https://www.youtube.com/watch?v=timZoOs9ozo,0,Champ,7.5,3.5,7.0,1.0,5.0,"{""type"": ""Overdrive"", ""settings"": {""level"": 3.0, ""gain"": 7.5, ""low"": 3.0, ""mid"": 5.0, ""high"": 5.0}}","{""type"": ""Touch Wah"", ""settings"": {""level"": 5.0, ""thresh"": 5.0, ""mode"": ""LO-DOWN"", ""filter"": ""LPF"", ""peak"": 5.0}}",,"{""type"": ""Spring 65"", ""settings"": {""level"": 5.5, ""decay"": 5.9, ""tone"": 5.5}}",gain_pos_tilt_hi,data/audio_stems_augmented\012_santana_samba_pa_ti_aug_gain_pos_tilt_hi.wav,1116.6653075409133,2067.737377505746,0.00049852644,"[-291.9087829589844, 136.4709930419922, 0.42748206853866577, 21.460590362548828]",0.08420246094465256,6.835004160193308,[0.00016124 0.00019593 0.00022569 ... 0.05060082 0.04453603 0.03708818],7.293724047485739e-05,0.26878392696380615,1.0,0.9247686862945557,92.87981859410431
Samba Pa Ti,Santana,https://www.youtube.com/watch?v=timZoOs9ozo,0,Champ,7.5,3.5,7.0,1.0,5.0,"{""type"": ""Overdrive"", ""settings"": {""level"": 3.0, ""gain"": 7.5, ""low"": 3.0, ""mid"": 5.0, ""high"": 5.0}}","{""type"": ""Touch Wah"", ""settings"": {""level"": 5.0, ""thresh"": 5.0, ""mode"": ""LO-DOWN"", ""filter"": ""LPF"", ""peak"": 5.0}}",,"{""type"": ""Spring 65"", ""settings"": {""level"": 5.5, ""decay"": 5.9, ""tone"": 5.5}}",pitch_pos,data/audio_stems_augmented\012_santana_samba_pa_ti_aug_pitch_pos.wav,1194.1623315333202,2234.3313857256358,0.0006228307,"[-326.7961730957031, 126.75028991699219, 3.886005163192749, 18.16608428955078]",0.056593433022499084,8.015696502300486,[0.00015515 0.0001949  0.00021707 ... 0.02988969 0.02611808 0.02191328],7.770137017359957e-05,0.20353028178215027,1.0,0.9221036434173584,92.87981859410431
Samba Pa Ti,Santana,https://www.youtube.com/watch?v=timZoOs9ozo,0,Champ,7.5,3.5,7.0,1.0,5.0,"{""type"": ""Overdrive"", ""settings"": {""level"": 3.0, ""gain"": 7.5, ""low"": 3.0, ""mid"": 5.0, ""high"": 5.0}}","{""type"": ""Touch Wah"", ""settings"": {""level"": 5.0, ""thresh"": 5.0, ""mode"": ""LO-DOWN"", ""filter"": ""LPF"", ""peak"": 5.0}}",,"{""type"": ""Spring 65"", ""settings"": {""level"": 5.5, ""decay"": 5.9, ""tone"": 5.5}}",pitch_neg_tilt_lo,data/audio_stems_augmented\012_santana_samba_pa_ti_aug_pitch_neg_tilt_lo.wav,1047.6918275176893,1946.3751680107528,0.00022229586,"[-332.42584228515625, 135.7262420654297, 2.8189194202423096, 25.972530364990234]",0.05473366007208824,8.499366951850904,[0.00014747 0.0001797  0.00020786 ... 0.02414284 0.02084877 0.0159739 ],2.6154399165534414e-05,0.1801632195711136,1.0,0.9161078333854675,92.87981859410431
Oh!,Sleater-Kinney,https://www.youtube.com/watch?v=oS4KYnLKRRY,25,Super Clean,6.0,9.5,8.5,7.5,4.5,"{""type"": ""Blues Drive"", ""settings"": {""level"": 9.0, ""gain"": 5.5, ""tone"": 5.0, ""blend"": 5.0}}",,"{""type"": ""Delay"", ""settings"": {""level"": 2.0, ""time"": 400, ""feedback"": 2.0, ""tone"": 5.5}}",,none,data/audio_stems_augmented\013_sleater_kinney_oh_orig.wav,1152.9350438554613,2200.983133338167,0.00029094168,"[-180.8514862060547, 197.40382385253906, -67.50245666503906, 47.78312683105469]",0.1253846138715744,5.442925855181329,[0.06993615 0.08907849 0.10605023 ... 0.11809182 0.10459568 0.08507737],5.345316822058521e-05,0.16422779858112335,0.0,0.9823502898216248,92.87981859410431
Oh!,Sleater-Kinney,https://www.youtube.com/watch?v=oS4KYnLKRRY,25,Super Clean,6.0,9.5,8.5,7.5,4.5,"{""type"": ""Blues Drive"", ""settings"": {""level"": 9.0, ""gain"": 5.5, ""tone"": 5.0, ""blend"": 5.0}}",,"{""type"": ""Delay"", ""settings"": {""level"": 2.0, ""time"": 400, ""feedback"": 2.0, ""tone"": 5.5}}",,gain_neg,data/audio_stems_augmented\013_sleater_kinney_oh_aug_gain_neg.wav,1152.9634797450458,2200.9414991480567,0.0002938999,"[-197.82008361816406, 197.40139770507812, -67.50102996826172, 47.7829704284668]",0.10549801588058472,5.442882525557995,[0.05884399 0.07495008 0.08923003 ... 0.09936261 0.08800699 0.07158412],5.399709698394872e-05,0.13818061351776123,0.0,0.9823501706123352,92.87981859410431
Oh!,Sleater-Kinney,https://www.youtube.com/watch?v=oS4KYnLKRRY,25,Super Clean,6.0,9.5,8.5,7.5,4.5,"{""type"": ""Blues Drive"", ""settings"": {""level"": 9.0, ""gain"": 5.5, ""tone"": 5.0, ""blend"": 5.0}}",,"{""type"": ""Delay"", ""settings"": {""level"": 2.0, ""time"": 400, ""feedback"": 2.0, ""tone"": 5.5}}",,gain_pos_tilt_hi,data/audio_stems_augmented\013_sleater_kinney_oh_aug_gain_pos_tilt_hi.wav,1182.348552707403,2231.9672976181846,0.00031305515,"[-166.08197021484375, 195.4739990234375, -70.08716583251953, 46.33782958984375]",0.14110834896564484,5.777626398147909,[0.07943809 0.10133915 0.12086257 ... 0.12825838 0.11320046 0.09095307],5.418403088697232e-05,0.1830238550901413,0.0,0.9825504422187805,92.87981859410431
Oh!,Sleater-Kinney,https://www.youtube.com/watch?v=oS4KYnLKRRY,25,Super Clean,6.0,9.5,8.5,7.5,4.5,"{""type"": ""Blues Drive"", ""settings"": {""level"": 9.0, ""gain"": 5.5, ""tone"": 5.0, ""blend"": 5.0}}",,"{""type"": ""Delay"", ""settings"": {""level"": 2.0, ""time"": 400, ""feedback"": 2.0, ""tone"": 5.5}}",,pitch_pos,data/audio_stems_augmented\013_sleater_kinney_oh_aug_pitch_pos.wav,1235.9846772063468,2377.8951339544665,0.00034317042,"[-211.73622131347656, 184.87364196777344, -68.23989868164062, 49.07160186767578]",0.08614779263734818,5.946317420404171,[0.0650276  0.07934909 0.09551068 ... 0.0851719  0.07415464 0.05270496],5.7711407862370834e-05,0.1339167356491089,0.0,0.9778966903686523,92.87981859410431
Oh!,Sleater-Kinney,https://www.youtube.com/watch?v=oS4KYnLKRRY,25,Super Clean,6.0,9.5,8.5,7.5,4.5,"{""type"": ""Blues Drive"", ""settings"": {""level"": 9.0, ""gain"": 5.5, ""tone"": 5.0, ""blend"": 5.0}}",,"{""type"": ""Delay"", ""settings"": {""level"": 2.0, ""time"": 400, ""feedback"": 2.0, ""tone"": 5.5}}",,pitch_neg_tilt_lo,data/audio_stems_augmented\013_sleater_kinney_oh_aug_pitch_neg_tilt_lo.wav,1081.8996018420053,2085.0319138812356,0.00012886741,"[-228.02838134765625, 203.74925231933594, -67.1932144165039, 41.12139892578125]",0.08516495674848557,5.569175963342702,[0.0671078  0.08754253 0.10551234 ... 0.08643772 0.07332586 0.05713892],2.3139398763305508e-05,0.1218220591545105,0.0,0.9799192547798157,92.87981859410431
Freddie's Dead,Curtis Mayfield,https://youtu.be/esIQyaGEUFU?si=8Sp0I-XE-IbhqIeV,30,50s Twin,9.5,7.0,5.0,9.5,5.0,"{""type"": ""Compressor"", ""settings"": {""type"": ""mid""}}","{""type"": ""Touch Wah"", ""settings"": {""level"": 10.0, ""thresh"": 5.5, ""mode"": ""HI-UP"", ""filter"": ""BPF"", ""peak"": 5.5}}",,"{""type"": ""Spring 65"", ""settings"": {""level"": 5.5, ""decay"": 4.5, ""tone"": 10.0}}",none,data/audio_stems_augmented\014_curtis_mayfield_freddies_dead_orig.wav,1225.6966494563285,2233.131789833691,0.00024481563,"[-266.3511047363281, 174.29925537109375, -65.64982604980469, 39.10700988769531]",0.062288012355566025,8.140272920888046,[0.00197672 0.00242997 0.00281213 ... 0.05794771 0.05138325 0.04458992],3.0074617825448513e-05,0.19535128772258759,1.0,0.9192506670951843,92.87981859410431
Freddie's Dead,Curtis Mayfield,https://youtu.be/esIQyaGEUFU?si=8Sp0I-XE-IbhqIeV,30,50s Twin,9.5,7.0,5.0,9.5,5.0,"{""type"": ""Compressor"", ""settings"": {""type"": ""mid""}}","{""type"": ""Touch Wah"", ""settings"": {""level"": 10.0, ""thresh"": 5.5, ""mode"": ""HI-UP"", ""filter"": ""BPF"", ""peak"": 5.5}}",,"{""type"": ""Spring 65"", ""settings"": {""level"": 5.5, ""decay"": 4.5, ""tone"": 10.0}}",gain_neg,data/audio_stems_augmented\014_curtis_mayfield_freddies_dead_aug_gain_neg.wav,1225.7944865325778,2233.196481860247,0.00024798425,"[-283.31903076171875, 174.29806518554688, -65.64785766601562, 39.10731506347656]",0.05240897461771965,8.140353917348698,[0.0016652  0.00204694 0.00236882 ... 0.04875722 0.04323396 0.0375182 ],3.0463566872640513e-05,0.16436630487442017,1.0,0.9192510843276978,92.87981859410431
Freddie's Dead,Curtis Mayfield,https://youtu.be/esIQyaGEUFU?si=8Sp0I-XE-IbhqIeV,30,50s Twin,9.5,7.0,5.0,9.5,5.0,"{""type"": ""Compressor"", ""settings"": {""type"": ""mid""}}","{""type"": ""Touch Wah"", ""settings"": {""level"": 10.0, ""thresh"": 5.5, ""mode"": ""HI-UP"", ""filter"": ""BPF"", ""peak"": 5.5}}",,"{""type"": ""Spring 65"", ""settings"": {""level"": 5.5, ""decay"": 4.5, ""tone"": 10.0}}",gain_pos_tilt_hi,data/audio_stems_augmented\014_curtis_mayfield_freddies_dead_aug_gain_pos_tilt_hi.wav,1259.0507373889845,2271.585283642409,0.00026050548,"[-250.5115203857422, 172.10072326660156, -68.19329833984375, 37.32731246948242]",0.07128333300352097,8.41108883479712,[0.00166489 0.00203892 0.00235505 ... 0.06070096 0.05386259 0.046665  ],3.097166700172238e-05,0.2341921180486679,1.0,0.9123020172119141,92.87981859410431
Freddie's Dead,Curtis Mayfield,https://youtu.be/esIQyaGEUFU?si=8Sp0I-XE-IbhqIeV,30,50s Twin,9.5,7.0,5.0,9.5,5.0,"{""type"": ""Compressor"", ""settings"": {""type"": ""mid""}}","{""type"": ""Touch Wah"", ""settings"": {""level"": 10.0, ""thresh"": 5.5, ""mode"": ""HI-UP"", ""filter"": ""BPF"", ""peak"": 5.5}}",,"{""type"": ""Spring 65"", ""settings"": {""level"": 5.5, ""decay"": 4.5, ""tone"": 10.0}}",pitch_pos,data/audio_stems_augmented\014_curtis_mayfield_freddies_dead_aug_pitch_pos.wav,1313.5765344532158,2374.8655889650904,0.00030618877,"[-301.87896728515625, 164.8243408203125, -67.83174896240234, 44.99349594116211]",0.041792452335357666,9.196868767866663,[0.00209132 0.00249239 0.00280777 ... 0.0285981  0.02508014 0.020759  ],3.329271567054093e-05,0.13867799937725067,1.0,0.9220192432403564,92.87981859410431
Freddie's Dead,Curtis Mayfield,https://youtu.be/esIQyaGEUFU?si=8Sp0I-XE-IbhqIeV,30,50s Twin,9.5,7.0,5.0,9.5,5.0,"{""type"": ""Compressor"", ""settings"": {""type"": ""mid""}}","{""type"": ""Touch Wah"", ""settings"": {""level"": 10.0, ""thresh"": 5.5, ""mode"": ""HI-UP"", ""filter"": ""BPF"", ""peak"": 5.5}}",,"{""type"": ""Spring 65"", ""settings"": {""level"": 5.5, ""decay"": 4.5, ""tone"": 10.0}}",pitch_neg_tilt_lo,data/audio_stems_augmented\014_curtis_mayfield_freddies_dead_aug_pitch_neg_tilt_lo.wav,1177.9594500008038,2134.1634390916806,0.00013724477,"[-312.8609313964844, 178.45579528808594, -64.81613159179688, 30.437625885009766]",0.03989819809794426,8.942059561787472,[0.00197457 0.00242978 0.00281227 ... 0.02082053 0.01779245 0.01367973],1.5348226952482946e-05,0.13302399218082428,1.0,0.9173763394355774,92.87981859410431
Seventh Wave,Devin Townsend,https://www.youtube.com/watch?v=b3-NQvRmo3I,20,90s Rock,3.5,7.0,6.0,3.5,6.5,"{""type"": ""Fuzz"", ""settings"": {""level"": 5.0, ""gain"": 5.0, ""vari"": ""tight""}}","{""type"": ""Flanger"", ""settings"": {""level"": 7.5, ""speed"": 4.5, ""depth"": 6.0, ""feedback"": 8.0}}","{""type"": ""Delay"", ""settings"": {""level"": 7.0, ""time"": 400, ""feedback"": 8.5, ""tone"": 1.0}}","{""type"": ""Large Hall"", ""settings"": {""level"": 9.5, ""decay"": 6.0, ""tone"": 2.0}}",none,data/audio_stems_augmented\015_devin_townsend_seventh_wave_orig.wav,2089.9638284380567,3773.7562989414155,0.006686841,"[-139.37203979492188, 124.86476135253906, -78.0316390991211, 61.29814910888672]",0.06202298775315285,4.930126937814572,[0.03702094 0.04662397 0.05602636 ... 0.07268887 0.06514604 0.05221787],0.0013563219690695405,0.0449024923145771,0.0,0.9926326870918274,92.87981859410431
Seventh Wave,Devin Townsend,https://www.youtube.com/watch?v=b3-NQvRmo3I,20,90s Rock,3.5,7.0,6.0,3.5,6.5,"{""type"": ""Fuzz"", ""settings"": {""level"": 5.0, ""gain"": 5.0, ""vari"": ""tight""}}","{""type"": ""Flanger"", ""settings"": {""level"": 7.5, ""speed"": 4.5, ""depth"": 6.0, ""feedback"": 8.0}}","{""type"": ""Delay"", ""settings"": {""level"": 7.0, ""time"": 400, ""feedback"": 8.5, ""tone"": 1.0}}","{""type"": ""Large Hall"", ""settings"": {""level"": 9.5, ""decay"": 6.0, ""tone"": 2.0}}",gain_neg,data/audio_stems_augmented\015_devin_townsend_seventh_wave_aug_gain_neg.wav,2089.980542267499,3773.7729526174594,0.006746401,"[-156.34255981445312, 124.86476135253906, -78.03170013427734, 61.297794342041016]",0.052185848355293274,4.929655491787443,[0.03114936 0.03922915 0.04714039 ... 0.06116026 0.05481386 0.04393601],0.0013685337034985423,0.03778037428855896,0.0,0.9926326870918274,92.87981859410431
Seventh Wave,Devin Townsend,https://www.youtube.com/watch?v=b3-NQvRmo3I,20,90s Rock,3.5,7.0,6.0,3.5,6.5,"{""type"": ""Fuzz"", ""settings"": {""level"": 5.0, ""gain"": 5.0, ""vari"": ""tight""}}","{""type"": ""Flanger"", ""settings"": {""level"": 7.5, ""speed"": 4.5, ""depth"": 6.0, ""feedback"": 8.0}}","{""type"": ""Delay"", ""settings"": {""level"": 7.0, ""time"": 400, ""feedback"": 8.5, ""tone"": 1.0}}","{""type"": ""Large Hall"", ""settings"": {""level"": 9.5, ""decay"": 6.0, ""tone"": 2.0}}",gain_pos_tilt_hi,data/audio_stems_augmented\015_devin_townsend_seventh_wave_aug_gain_pos_tilt_hi.wav,2128.149425554739,3811.8932170823664,0.0070933057,"[-124.43225860595703, 122.71187591552734, -80.421630859375, 59.71483612060547]",0.07055661827325821,5.069133913219938,[0.04248131 0.05383109 0.06417795 ... 0.08190334 0.07291512 0.05869336],0.0013993128668516874,0.04327813535928726,0.0,0.9935747385025024,92.87981859410431
Seventh Wave,Devin Townsend,https://www.youtube.com/watch?v=b3-NQvRmo3I,20,90s Rock,3.5,7.0,6.0,3.5,6.5,"{""type"": ""Fuzz"", ""settings"": {""level"": 5.0, ""gain"": 5.0, ""vari"": ""tight""}}","{""type"": ""Flanger"", ""settings"": {""level"": 7.5, ""speed"": 4.5, ""depth"": 6.0, ""feedback"": 8.0}}","{""type"": ""Delay"", ""settings"": {""level"": 7.0, ""time"": 400, ""feedback"": 8.5, ""tone"": 1.0}}","{""type"": ""Large Hall"", ""settings"": {""level"": 9.5, ""decay"": 6.0, ""tone"": 2.0}}",pitch_pos,data/audio_stems_augmented\015_devin_townsend_seventh_wave_aug_pitch_pos.wav,2217.1867039074154,4010.305113471578,0.008326651,"[-173.25901794433594, 113.223876953125, -72.29125213623047, 60.84099578857422]",0.042354874312877655,5.2106851429790595,[0.03847395 0.04448945 0.05088876 ... 0.05409902 0.04790242 0.04076206],0.0015979950549080968,0.0355236791074276,0.0,0.99092698097229,92.87981859410431
Seventh Wave,Devin Townsend,https://www.youtube.com/watch?v=b3-NQvRmo3I,20,90s Rock,3.5,7.0,6.0,3.5,6.5,"{""type"": ""Fuzz"", ""settings"": {""level"": 5.0, ""gain"": 5.0, ""vari"": ""tight""}}","{""type"": ""Flanger"", ""settings"": {""level"": 7.5, ""speed"": 4.5, ""depth"": 6.0, ""feedback"": 8.0}}","{""type"": ""Delay"", ""settings"": {""level"": 7.0, ""time"": 400, ""feedback"": 8.5, ""tone"": 1.0}}","{""type"": ""Large Hall"", ""settings"": {""level"": 9.5, ""decay"": 6.0, ""tone"": 2.0}}",pitch_neg_tilt_lo,data/audio_stems_augmented\015_devin_townsend_seventh_wave_aug_pitch_neg_tilt_lo.wav,1926.6751923023833,3451.4743601363107,0.0025513303,"[-192.1719970703125, 141.3909912109375, -88.0427474975586, 63.572669982910156]",0.041697751730680466,4.615830384504272,[0.03602935 0.04544484 0.05469063 ... 0.04126009 0.0364105  0.02936217],0.0005527347093448043,0.02930002473294735,0.0,0.990413248538971,92.87981859410431
Maggot Brain,Funkadelic,https://www.youtube.com/watch?v=4Inr22ZBmdw,120,50s Twin,3.5,6.0,7.0,4.5,6.0,"{""type"": ""Fuzz"", ""settings"": {""level"": 5.0, ""gain"": 5.0, ""vari"": ""loose""}}","{""type"": ""Touch Wah"", ""settings"": {""level"": 7.5, ""thresh"": 4.0, ""mode"": ""LO-DOWN"", ""filter"": ""LPF"", ""peak"": 7.0}}",,"{""type"": ""Spring 65"", ""settings"": {""level"": 5.5, ""decay"": 6.0, ""tone"": 5.5}}",none,data/audio_stems_augmented\016_funkadelic_maggot_brain_orig.wav,2164.856312783657,3960.2025290929523,0.002379684,"[-341.8191833496094, 87.52240753173828, -80.09071350097656, 49.26112747192383]",0.018705781549215317,4.4585190026513954,[0.01279372 0.01555963 0.01833448 ... 0.01638543 0.01364993 0.01049979],0.0005337385809980333,0.03493182361125946,0.0,0.9868532419204712,92.87981859410431
Maggot Brain,Funkadelic,https://www.youtube.com/watch?v=4Inr22ZBmdw,120,50s Twin,3.5,6.0,7.0,4.5,6.0,"{""type"": ""Fuzz"", ""settings"": {""level"": 5.0, ""gain"": 5.0, ""vari"": ""loose""}}","{""type"": ""Touch Wah"", ""settings"": {""level"": 7.5, ""thresh"": 4.0, ""mode"": ""LO-DOWN"", ""filter"": ""LPF"", ""peak"": 7.0}}",,"{""type"": ""Spring 65"", ""settings"": {""level"": 5.5, ""decay"": 6.0, ""tone"": 5.5}}",gain_neg,data/audio_stems_augmented\016_funkadelic_maggot_brain_aug_gain_neg.wav,2164.989696372422,3960.47731474768,0.0024084428,"[-358.75067138671875, 87.52709197998047, -80.03868865966797, 49.270042419433594]",0.015738988295197487,4.459369878242932,[0.01076477 0.01309182 0.01542645 ... 0.0137866  0.01148494 0.00883458],0.0005400857771746814,0.029391268268227577,0.0,0.9868525266647339,92.87981859410431
Maggot Brain,Funkadelic,https://www.youtube.com/watch?v=4Inr22ZBmdw,120,50s Twin,3.5,6.0,7.0,4.5,6.0,"{""type"": ""Fuzz"", ""settings"": {""level"": 5.0, ""gain"": 5.0, ""vari"": ""loose""}}","{""type"": ""Touch Wah"", ""settings"": {""level"": 7.5, ""thresh"": 4.0, ""mode"": ""LO-DOWN"", ""filter"": ""LPF"", ""peak"": 7.0}}",,"{""type"": ""Spring 65"", ""settings"": {""level"": 5.5, ""decay"": 6.0, ""tone"": 5.5}}",gain_pos_tilt_hi,data/audio_stems_augmented\016_funkadelic_maggot_brain_aug_gain_pos_tilt_hi.wav,2190.565212347021,3983.226236223898,0.0024219432,"[-326.6568908691406, 85.15988159179688, -82.17007446289062, 47.47504425048828]",0.021761929616332054,4.438195429954437,[0.01487721 0.01807353 0.0212643  ... 0.01920822 0.01598847 0.01230807],0.0005457043298520148,0.0432714968919754,0.0,0.9865029454231262,92.87981859410431
Maggot Brain,Funkadelic,https://www.youtube.com/watch?v=4Inr22ZBmdw,120,50s Twin,3.5,6.0,7.0,4.5,6.0,"{""type"": ""Fuzz"", ""settings"": {""level"": 5.0, ""gain"": 5.0, ""vari"": ""loose""}}","{""type"": ""Touch Wah"", ""settings"": {""level"": 7.5, ""thresh"": 4.0, ""mode"": ""LO-DOWN"", ""filter"": ""LPF"", ""peak"": 7.0}}",,"{""type"": ""Spring 65"", ""settings"": {""level"": 5.5, ""decay"": 6.0, ""tone"": 5.5}}",pitch_pos,data/audio_stems_augmented\016_funkadelic_maggot_brain_aug_pitch_pos.wav,2310.8626948097804,4214.5624501522625,0.0031728472,"[-374.69403076171875, 75.9127426147461, -76.28925323486328, 48.34283447265625]",0.012760535813868046,6.416050803258093,[0.01276668 0.01467998 0.01719994 ... 0.00821209 0.00672629 0.00522891],0.0004945170949213207,0.02152983285486698,0.0,0.980414092540741,92.87981859410431
Maggot Brain,Funkadelic,https://www.youtube.com/watch?v=4Inr22ZBmdw,120,50s Twin,3.5,6.0,7.0,4.5,6.0,"{""type"": ""Fuzz"", ""settings"": {""level"": 5.0, ""gain"": 5.0, ""vari"": ""loose""}}","{""type"": ""Touch Wah"", ""settings"": {""level"": 7.5, ""thresh"": 4.0, ""mode"": ""LO-DOWN"", ""filter"": ""LPF"", ""peak"": 7.0}}",,"{""type"": ""Spring 65"", ""settings"": {""level"": 5.5, ""decay"": 6.0, ""tone"": 5.5}}",pitch_neg_tilt_lo,data/audio_stems_augmented\016_funkadelic_maggot_brain_aug_pitch_neg_tilt_lo.wav,1956.1328570168125,3611.7160310324825,0.0011684541,"[-386.5731201171875, 106.46388244628906, -88.21086120605469, 50.483436584472656]",0.013130958192050457,5.693596134924606,[0.01256829 0.01522294 0.01786849 ... 0.01113321 0.00921719 0.00695657],0.00020522245904430747,0.02632843144237995,0.0,0.9807582497596741,92.87981859410431
Panama,Van Halen,https://www.youtube.com/watch?v=YRFKU6QvBJY,0,80s Rock,10.0,5.0,10.0,1.0,6.0,"{""type"": ""Myth Drive"", ""settings"": {""level"": 7.0, ""gain"": 5.0, ""treble"": 5.0}}","{""type"": ""Chorus"", ""settings"": {""level"": 6.6, ""speed"": 3.1, ""depth"": 2.7}}","{""type"": ""Echo"", ""settings"": {""level"": 2.9, ""time"": 200, ""feedback"": 3.0, ""wow"": 3.0}}","{""type"": ""Small Room"", ""settings"": {""level"": 5.5, ""decay"": 5.5, ""tone"": 5.5}}",none,data/audio_stems_augmented\017_van_halen_panama_orig.wav,2139.831758968626,3884.2476494367734,0.01214546,"[-108.5602798461914, 116.78677368164062, -77.52813720703125, 35.294918060302734]",0.10516863316297531,4.393826944824127,[0.00041848 0.00152884 0.01641121 ... 0.08483939 0.07612798 0.06558869],0.002764209173619747,0.12364418804645538,0.0,0.9858704209327698,92.87981859410431
Panama,Van Halen,https://www.youtube.com/watch?v=YRFKU6QvBJY,0,80s Rock,10.0,5.0,10.0,1.0,6.0,"{""type"": ""Myth Drive"", ""settings"": {""level"": 7.0, ""gain"": 5.0, ""treble"": 5.0}}","{""type"": ""Chorus"", ""settings"": {""level"": 6.6, ""speed"": 3.1, ""depth"": 2.7}}","{""type"": ""Echo"", ""settings"": {""level"": 2.9, ""time"": 200, ""feedback"": 3.0, ""wow"": 3.0}}","{""type"": ""Small Room"", ""settings"": {""level"": 5.5, ""decay"": 5.5, ""tone"": 5.5}}",gain_neg,data/audio_stems_augmented\017_van_halen_panama_aug_gain_neg.wav,2139.8394551194247,3884.2476494367734,0.0121977655,"[-125.5297622680664, 116.78714752197266, -77.52694702148438, 35.29530334472656]",0.0884883925318718,4.393678543701897,[0.00035193 0.00128648 0.01380848 ... 0.07138321 0.06405357 0.05518599],0.0027762074023485184,0.10403436422348022,0.0,0.9858701825141907,92.87981859410431
Panama,Van Halen,https://www.youtube.com/watch?v=YRFKU6QvBJY,0,80s Rock,10.0,5.0,10.0,1.0,6.0,"{""type"": ""Myth Drive"", ""settings"": {""level"": 7.0, ""gain"": 5.0, ""treble"": 5.0}}","{""type"": ""Chorus"", ""settings"": {""level"": 6.6, ""speed"": 3.1, ""depth"": 2.7}}","{""type"": ""Echo"", ""settings"": {""level"": 2.9, ""time"": 200, ""feedback"": 3.0, ""wow"": 3.0}}","{""type"": ""Small Room"", ""settings"": {""level"": 5.5, ""decay"": 5.5, ""tone"": 5.5}}",gain_pos_tilt_hi,data/audio_stems_augmented\017_van_halen_panama_aug_gain_pos_tilt_hi.wav,2168.0250138860056,3914.347696341257,0.012417686,"[-94.09414672851562, 114.95390319824219, -80.19646453857422, 33.97595977783203]",0.12046314030885696,4.374559414207305,[0.00049332 0.00165019 0.01932424 ... 0.09786814 0.08768822 0.07540607],0.0028386134654283524,0.14093025028705597,0.0,0.9863673448562622,92.87981859410431
Panama,Van Halen,https://www.youtube.com/watch?v=YRFKU6QvBJY,0,80s Rock,10.0,5.0,10.0,1.0,6.0,"{""type"": ""Myth Drive"", ""settings"": {""level"": 7.0, ""gain"": 5.0, ""treble"": 5.0}}","{""type"": ""Chorus"", ""settings"": {""level"": 6.6, ""speed"": 3.1, ""depth"": 2.7}}","{""type"": ""Echo"", ""settings"": {""level"": 2.9, ""time"": 200, ""feedback"": 3.0, ""wow"": 3.0}}","{""type"": ""Small Room"", ""settings"": {""level"": 5.5, ""decay"": 5.5, ""tone"": 5.5}}",pitch_pos,data/audio_stems_augmented\017_van_halen_panama_aug_pitch_pos.wav,2250.072689232055,4107.504364651917,0.012470767,"[-142.1995849609375, 106.06792449951172, -75.66789245605469, 35.97459030151367]",0.07336488366127014,5.386319899929678,[0.00099964 0.00327595 0.0157883  ... 0.05687374 0.05088657 0.04101759],0.0023152660578489304,0.1312805563211441,0.0,0.9779190421104431,92.87981859410431
Panama,Van Halen,https://www.youtube.com/watch?v=YRFKU6QvBJY,0,80s Rock,10.0,5.0,10.0,1.0,6.0,"{""type"": ""Myth Drive"", ""settings"": {""level"": 7.0, ""gain"": 5.0, ""treble"": 5.0}}","{""type"": ""Chorus"", ""settings"": {""level"": 6.6, ""speed"": 3.1, ""depth"": 2.7}}","{""type"": ""Echo"", ""settings"": {""level"": 2.9, ""time"": 200, ""feedback"": 3.0, ""wow"": 3.0}}","{""type"": ""Small Room"", ""settings"": {""level"": 5.5, ""decay"": 5.5, ""tone"": 5.5}}",pitch_neg_tilt_lo,data/audio_stems_augmented\017_van_halen_panama_aug_pitch_neg_tilt_lo.wav,1960.0134857871287,3581.3472588117734,0.003846305,"[-154.9363555908203, 128.73411560058594, -81.5744857788086, 35.49659729003906]",0.07203160226345062,5.971535806781909,[0.00053005 0.0013927  0.01315746 ... 0.05793036 0.05104754 0.04166071],0.0006441064178943634,0.10901285707950592,0.0,0.977982223033905,92.87981859410431
"The Good, the Bad and the Ugly (Main Theme)",Ennio Morricone,https://www.youtube.com/watch?v=iE5CkYe6ASg,60,50s Twin,7.5,7.0,5.0,7.0,5.0,,"{""type"": ""Tremolo"", ""settings"": {""level"": 6.5, ""speed"": 5.5}}","{""type"": ""Echo"", ""settings"": {""level"": 3.0, ""time"": 316, ""feedback"": 8.5, ""wow"": 8.5}}","{""type"": ""Plate"", ""settings"": {""level"": 9.0, ""decay"": 2.5, ""tone"": 5.0}}",none,data/audio_stems_augmented\018_ennio_morricone_the_good_the_bad_and_the_ugly_main_theme_orig.wav,1312.9918753388413,2344.837364783654,0.0011191819,"[-163.55384826660156, 146.6618194580078, -27.561298370361328, 50.11570358276367]",0.15549059212207794,5.785111082445317,[0.1421938  0.17308886 0.19489367 ... 0.13491163 0.12015854 0.08878465],0.00019345898181200027,0.41272592544555664,1.0,0.9667416214942932,92.87981859410431
"The Good, the Bad and the Ugly (Main Theme)",Ennio Morricone,https://www.youtube.com/watch?v=iE5CkYe6ASg,60,50s Twin,7.5,7.0,5.0,7.0,5.0,,"{""type"": ""Tremolo"", ""settings"": {""level"": 6.5, ""speed"": 5.5}}","{""type"": ""Echo"", ""settings"": {""level"": 3.0, ""time"": 316, ""feedback"": 8.5, ""wow"": 8.5}}","{""type"": ""Plate"", ""settings"": {""level"": 9.0, ""decay"": 2.5, ""tone"": 5.0}}",gain_neg,data/audio_stems_augmented\018_ennio_morricone_the_good_the_bad_and_the_ugly_main_theme_aug_gain_neg.wav,1313.0257771046954,2344.8458158052886,0.001126416,"[-180.52468872070312, 146.66171264648438, -27.56194496154785, 50.11605453491211]",0.13082902133464813,5.785112983679394,[0.11964145 0.1456366  0.16398302 ... 0.1135141  0.10110089 0.07470268],0.00019470939878374338,0.3472661077976227,1.0,0.9667412638664246,92.87981859410431
"The Good, the Bad and the Ugly (Main Theme)",Ennio Morricone,https://www.youtube.com/watch?v=iE5CkYe6ASg,60,50s Twin,7.5,7.0,5.0,7.0,5.0,,"{""type"": ""Tremolo"", ""settings"": {""level"": 6.5, ""speed"": 5.5}}","{""type"": ""Echo"", ""settings"": {""level"": 3.0, ""time"": 316, ""feedback"": 8.5, ""wow"": 8.5}}","{""type"": ""Plate"", ""settings"": {""level"": 9.0, ""decay"": 2.5, ""tone"": 5.0}}",gain_pos_tilt_hi,data/audio_stems_augmented\018_ennio_morricone_the_good_the_bad_and_the_ugly_main_theme_aug_gain_pos_tilt_hi.wav,1375.0824873476422,2441.7095932721904,0.0012754023,"[-147.45010375976562, 145.82537841796875, -31.49832534790039, 49.626670837402344]",0.17099614441394806,5.848050874926956,[0.15963438 0.19354966 0.21768436 ... 0.14396408 0.12749286 0.09339767],0.00021809010650031269,0.42994675040245056,1.0,0.9679215550422668,92.87981859410431
"The Good, the Bad and the Ugly (Main Theme)",Ennio Morricone,https://www.youtube.com/watch?v=iE5CkYe6ASg,60,50s Twin,7.5,7.0,5.0,7.0,5.0,,"{""type"": ""Tremolo"", ""settings"": {""level"": 6.5, ""speed"": 5.5}}","{""type"": ""Echo"", ""settings"": {""level"": 3.0, ""time"": 316, ""feedback"": 8.5, ""wow"": 8.5}}","{""type"": ""Plate"", ""settings"": {""level"": 9.0, ""decay"": 2.5, ""tone"": 5.0}}",pitch_pos,data/audio_stems_augmented\018_ennio_morricone_the_good_the_bad_and_the_ugly_main_theme_aug_pitch_pos.wav,1410.290760513606,2513.0545227786147,0.0013658556,"[-191.3084259033203, 136.298095703125, -25.010534286499023, 51.12266540527344]",0.11220112442970276,5.533042221369281,[0.15019031 0.17201795 0.190281   ... 0.08339532 0.06558672 0.04955767],0.0002468542952556163,0.3803754448890686,1.0,0.9598952531814575,92.87981859410431
"The Good, the Bad and the Ugly (Main Theme)",Ennio Morricone,https://www.youtube.com/watch?v=iE5CkYe6ASg,60,50s Twin,7.5,7.0,5.0,7.0,5.0,,"{""type"": ""Tremolo"", ""settings"": {""level"": 6.5, ""speed"": 5.5}}","{""type"": ""Echo"", ""settings"": {""level"": 3.0, ""time"": 316, ""feedback"": 8.5, ""wow"": 8.5}}","{""type"": ""Plate"", ""settings"": {""level"": 9.0, ""decay"": 2.5, ""tone"": 5.0}}",pitch_neg_tilt_lo,data/audio_stems_augmented\018_ennio_morricone_the_good_the_bad_and_the_ugly_main_theme_aug_pitch_neg_tilt_lo.wav,1215.2371687201503,2169.1759508139066,0.00044970142,"[-205.42343139648438, 153.35792541503906, -30.646984100341797, 48.425575256347656]",0.10755184292793274,6.240119366948843,[0.14195246 0.16977915 0.19557    ... 0.06860134 0.05540513 0.03864038],7.206614100141451e-05,0.30603930354118347,1.0,0.959316611289978,92.87981859410431
Give Me the Night,George Benson,https://www.youtube.com/watch?v=FIF7wKJb2iU,0,Super Clean,2.5,4.5,5.5,6.0,5.0,"{""type"": ""Compressor"", ""settings"": {""type"": ""mid""}}","{""type"": ""Chorus"", ""settings"": {""level"": 3.2, ""speed"": 1.2, ""depth"": 2.5}}","{""type"": ""Delay"", ""settings"": {""level"": 2.3, ""time"": 325, ""feedback"": 2.5, ""tone"": 4.0}}","{""type"": ""Spring 65"", ""settings"": {""level"": 2.5, ""decay"": 2.5, ""tone"": 2.5}}",none,data/audio_stems_augmented\019_george_benson_give_me_the_night_orig.wav,1075.021983904448,1948.801091402897,0.00033087147,"[-347.2222595214844, 180.45054626464844, -50.76853942871094, 14.55026912689209]",0.032109037041664124,10.117073945417937,"[2.0083848e-05 2.4592966e-05 2.8394841e-05 ... 5.2953459e-02 4.8633274e-02
 3.3075102e-02]",3.270426168455742e-05,0.18087071180343628,1.0,0.7734761834144592,92.87981859410431
Give Me the Night,George Benson,https://www.youtube.com/watch?v=FIF7wKJb2iU,0,Super Clean,2.5,4.5,5.5,6.0,5.0,"{""type"": ""Compressor"", ""settings"": {""type"": ""mid""}}","{""type"": ""Chorus"", ""settings"": {""level"": 3.2, ""speed"": 1.2, ""depth"": 2.5}}","{""type"": ""Delay"", ""settings"": {""level"": 2.3, ""time"": 325, ""feedback"": 2.5, ""tone"": 4.0}}","{""type"": ""Spring 65"", ""settings"": {""level"": 2.5, ""decay"": 2.5, ""tone"": 2.5}}",gain_neg,data/audio_stems_augmented\019_george_benson_give_me_the_night_aug_gain_neg.wav,1075.4291247364756,1949.032134354882,0.00033712081,"[-364.1831970214844, 180.44361877441406, -50.76526641845703, 14.553679466247559]",0.027016393840312958,10.117406174749632,"[1.8917879e-05 2.3184291e-05 2.6779406e-05 ... 4.4554625e-02 4.0919602e-02
 2.7829057e-02]",3.332086998852901e-05,0.15218383073806763,1.0,0.7734760642051697,92.87981859410431
Give Me the Night,George Benson,https://www.youtube.com/watch?v=FIF7wKJb2iU,0,Super Clean,2.5,4.5,5.5,6.0,5.0,"{""type"": ""Compressor"", ""settings"": {""type"": ""mid""}}","{""type"": ""Chorus"", ""settings"": {""level"": 3.2, ""speed"": 1.2, ""depth"": 2.5}}","{""type"": ""Delay"", ""settings"": {""level"": 2.3, ""time"": 325, ""feedback"": 2.5, ""tone"": 4.0}}","{""type"": ""Spring 65"", ""settings"": {""level"": 2.5, ""decay"": 2.5, ""tone"": 2.5}}",gain_pos_tilt_hi,data/audio_stems_augmented\019_george_benson_give_me_the_night_aug_gain_pos_tilt_hi.wav,1099.067235388415,1980.7520586993244,0.0003462596,"[-331.56768798828125, 178.37295532226562, -53.432735443115234, 12.771410942077637]",0.0369751937687397,10.083887267122538,"[1.7993891e-05 2.2048242e-05 2.5375622e-05 ... 6.2237322e-02 5.7210904e-02
 3.8826283e-02]",3.433790698181838e-05,0.20701782405376434,1.0,0.7693610787391663,92.87981859410431
Give Me the Night,George Benson,https://www.youtube.com/watch?v=FIF7wKJb2iU,0,Super Clean,2.5,4.5,5.5,6.0,5.0,"{""type"": ""Compressor"", ""settings"": {""type"": ""mid""}}","{""type"": ""Chorus"", ""settings"": {""level"": 3.2, ""speed"": 1.2, ""depth"": 2.5}}","{""type"": ""Delay"", ""settings"": {""level"": 2.3, ""time"": 325, ""feedback"": 2.5, ""tone"": 4.0}}","{""type"": ""Spring 65"", ""settings"": {""level"": 2.5, ""decay"": 2.5, ""tone"": 2.5}}",pitch_pos,data/audio_stems_augmented\019_george_benson_give_me_the_night_aug_pitch_pos.wav,1180.192162022157,2121.2414208035234,0.00038561368,"[-374.3146057128906, 175.24053955078125, -60.961246490478516, 20.280271530151367]",0.021886004135012627,9.845322722624902,"[2.0806718e-05 2.4960045e-05 2.8442846e-05 ... 3.8104951e-02 3.5839006e-02
 2.7660774e-02]",3.916719288099557e-05,0.12017600238323212,1.0,0.792353093624115,92.87981859410431
Give Me the Night,George Benson,https://www.youtube.com/watch?v=FIF7wKJb2iU,0,Super Clean,2.5,4.5,5.5,6.0,5.0,"{""type"": ""Compressor"", ""settings"": {""type"": ""mid""}}","{""type"": ""Chorus"", ""settings"": {""level"": 3.2, ""speed"": 1.2, ""depth"": 2.5}}","{""type"": ""Delay"", ""settings"": {""level"": 2.3, ""time"": 325, ""feedback"": 2.5, ""tone"": 4.0}}","{""type"": ""Spring 65"", ""settings"": {""level"": 2.5, ""decay"": 2.5, ""tone"": 2.5}}",pitch_neg_tilt_lo,data/audio_stems_augmented\019_george_benson_give_me_the_night_aug_pitch_neg_tilt_lo.wav,1030.2538590350719,1851.3217794484106,0.00016546155,"[-385.8913269042969, 188.0018310546875, -52.24825668334961, 10.406396865844727]",0.021719597280025482,9.076341324591269,"[1.8356683e-05 2.3174482e-05 2.7259075e-05 ... 3.7197057e-02 3.4035016e-02
 2.6079720e-02]",1.822998092393391e-05,0.11627717316150665,1.0,0.7923666834831238,92.87981859410431
Coffee & TV,Blur,https://www.youtube.com/watch?v=cHrNTR05voQ,30,60s Uk Cln,4.5,7.0,5.0,8.5,6.5,"{""type"": ""Rock Dirt"", ""settings"": {""level"": 2.5, ""distort"": 5.0, ""filter"": 5.0}}","{""type"": ""Flanger"", ""settings"": {""level"": 6.5, ""speed"": 3.0, ""depth"": 6.5, ""feedback"": 7.5}}",,"{""type"": ""Arena"", ""settings"": {""level"": 3.0, ""decay"": 5.5, ""tone"": 5.5}}",none,data/audio_stems_augmented\020_blur_coffee_tv_orig.wav,1999.435822361059,4072.2784540455814,0.01237383,"[-190.89840698242188, 103.97547912597656, -36.917415618896484, 57.1064453125]",0.06254678219556808,5.192319455721036,[0.03527773 0.0464895  0.05191626 ... 0.06444511 0.05674271 0.04668485],0.00238310219720006,0.2461070418357849,1.0,0.9533849358558655,92.87981859410431
Coffee & TV,Blur,https://www.youtube.com/watch?v=cHrNTR05voQ,30,60s Uk Cln,4.5,7.0,5.0,8.5,6.5,"{""type"": ""Rock Dirt"", ""settings"": {""level"": 2.5, ""distort"": 5.0, ""filter"": 5.0}}","{""type"": ""Flanger"", ""settings"": {""level"": 6.5, ""speed"": 3.0, ""depth"": 6.5, ""feedback"": 7.5}}",,"{""type"": ""Arena"", ""settings"": {""level"": 3.0, ""decay"": 5.5, ""tone"": 5.5}}",gain_neg,data/audio_stems_augmented\020_blur_coffee_tv_aug_gain_neg.wav,1999.4444749891595,4072.312742585589,0.012437435,"[-207.86940002441406, 103.97753143310547, -36.91793441772461, 57.108070373535156]",0.0526266023516655,5.192225796366769,[0.02968262 0.0391164  0.04368247 ... 0.05422358 0.04774288 0.03927998],0.002395395189523697,0.20707324147224426,1.0,0.9533849358558655,92.87981859410431
Coffee & TV,Blur,https://www.youtube.com/watch?v=cHrNTR05voQ,30,60s Uk Cln,4.5,7.0,5.0,8.5,6.5,"{""type"": ""Rock Dirt"", ""settings"": {""level"": 2.5, ""distort"": 5.0, ""filter"": 5.0}}","{""type"": ""Flanger"", ""settings"": {""level"": 6.5, ""speed"": 3.0, ""depth"": 6.5, ""feedback"": 7.5}}",,"{""type"": ""Arena"", ""settings"": {""level"": 3.0, ""decay"": 5.5, ""tone"": 5.5}}",gain_pos_tilt_hi,data/audio_stems_augmented\020_blur_coffee_tv_aug_gain_pos_tilt_hi.wav,2076.819126918265,4158.368405870571,0.014243266,"[-175.79981994628906, 101.71305084228516, -39.29225158691406, 55.43208694458008]",0.06681383401155472,4.991804832897528,[0.03961475 0.0515393  0.05759526 ... 0.06724807 0.05869246 0.04832375],0.002853329060599208,0.25600552558898926,1.0,0.9547225832939148,92.87981859410431
Coffee & TV,Blur,https://www.youtube.com/watch?v=cHrNTR05voQ,30,60s Uk Cln,4.5,7.0,5.0,8.5,6.5,"{""type"": ""Rock Dirt"", ""settings"": {""level"": 2.5, ""distort"": 5.0, ""filter"": 5.0}}","{""type"": ""Flanger"", ""settings"": {""level"": 6.5, ""speed"": 3.0, ""depth"": 6.5, ""feedback"": 7.5}}",,"{""type"": ""Arena"", ""settings"": {""level"": 3.0, ""decay"": 5.5, ""tone"": 5.5}}",pitch_pos,data/audio_stems_augmented\020_blur_coffee_tv_aug_pitch_pos.wav,2162.852259254246,4372.734164735347,0.012088131,"[-221.6824951171875, 91.13764190673828, -30.655763626098633, 55.492393493652344]",0.04243197664618492,6.0707236991889255,[0.03593586 0.04393215 0.04966412 ... 0.02863608 0.02342916 0.01801923],0.0019912172574549913,0.1517924964427948,1.0,0.9513003826141357,92.87981859410431
Coffee & TV,Blur,https://www.youtube.com/watch?v=cHrNTR05voQ,30,60s Uk Cln,4.5,7.0,5.0,8.5,6.5,"{""type"": ""Rock Dirt"", ""settings"": {""level"": 2.5, ""distort"": 5.0, ""filter"": 5.0}}","{""type"": ""Flanger"", ""settings"": {""level"": 6.5, ""speed"": 3.0, ""depth"": 6.5, ""feedback"": 7.5}}",,"{""type"": ""Arena"", ""settings"": {""level"": 3.0, ""decay"": 5.5, ""tone"": 5.5}}",pitch_neg_tilt_lo,data/audio_stems_augmented\020_blur_coffee_tv_aug_pitch_neg_tilt_lo.wav,1829.8150368695462,3715.336119729366,0.0038638578,"[-234.9978790283203, 113.11405944824219, -44.12727355957031, 57.97528076171875]",0.043166667222976685,6.880081538305098,[0.03295662 0.04531835 0.04978512 ... 0.0292579  0.02575045 0.02092079],0.0005616004928015172,0.15611183643341064,1.0,0.9527847766876221,92.87981859410431
Apache,The Shadows,https://www.youtube.com/watch?v=Px_krd_edFI,20,Twin Clean,4.0,7.0,7.0,8.0,6.5,"{""type"": ""Compressor"", ""settings"": {""type"": ""mid""}}","{""type"": ""Tremolo"", ""settings"": {""level"": 8.0, ""speed"": 5.5}}","{""type"": ""Echo"", ""settings"": {""level"": 4.0, ""time"": 299, ""feedback"": 1.0, ""wow"": 5.5}}","{""type"": ""Plate"", ""settings"": {""level"": 9.5, ""decay"": 3.5, ""tone"": 1.5}}",none,data/audio_stems_augmented\021_the_shadows_apache_orig.wav,1554.8143058603548,2718.937438823231,0.0031007414,"[-163.19671630859375, 134.37969970703125, -29.606409072875977, 12.492727279663086]",0.09762333333492279,8.70096870845814,[0.10430169 0.12489593 0.14476696 ... 0.10568568 0.08652511 0.06880289],0.00035636735265143216,0.21826371550559998,0.0,0.9703364372253418,92.87981859410431
Apache,The Shadows,https://www.youtube.com/watch?v=Px_krd_edFI,20,Twin Clean,4.0,7.0,7.0,8.0,6.5,"{""type"": ""Compressor"", ""settings"": {""type"": ""mid""}}","{""type"": ""Tremolo"", ""settings"": {""level"": 8.0, ""speed"": 5.5}}","{""type"": ""Echo"", ""settings"": {""level"": 4.0, ""time"": 299, ""feedback"": 1.0, ""wow"": 5.5}}","{""type"": ""Plate"", ""settings"": {""level"": 9.5, ""decay"": 3.5, ""tone"": 1.5}}",gain_neg,data/audio_stems_augmented\021_the_shadows_apache_aug_gain_neg.wav,1554.8228273408783,2718.954092499275,0.0031155685,"[-180.16690063476562, 134.37991333007812, -29.605592727661133, 12.492838859558105]",0.08213994652032852,8.700790438694309,[0.08775913 0.10508706 0.12180629 ... 0.08892377 0.07280206 0.05789037],0.00035807874519377947,0.18364593386650085,0.0,0.9703366756439209,92.87981859410431
Apache,The Shadows,https://www.youtube.com/watch?v=Px_krd_edFI,20,Twin Clean,4.0,7.0,7.0,8.0,6.5,"{""type"": ""Compressor"", ""settings"": {""type"": ""mid""}}","{""type"": ""Tremolo"", ""settings"": {""level"": 8.0, ""speed"": 5.5}}","{""type"": ""Echo"", ""settings"": {""level"": 4.0, ""time"": 299, ""feedback"": 1.0, ""wow"": 5.5}}","{""type"": ""Plate"", ""settings"": {""level"": 9.5, ""decay"": 3.5, ""tone"": 1.5}}",gain_pos_tilt_hi,data/audio_stems_augmented\021_the_shadows_apache_aug_gain_pos_tilt_hi.wav,1602.1108252660792,2786.160002175174,0.003408226,"[-148.08570861816406, 131.9290771484375, -31.757444381713867, 10.621563911437988]",0.11124593019485474,8.988737762654456,[0.12135708 0.14561653 0.16911784 ... 0.11995385 0.09881438 0.07874881],0.00037916618748568,0.2614767849445343,0.0,0.9703686833381653,92.87981859410431
Apache,The Shadows,https://www.youtube.com/watch?v=Px_krd_edFI,20,Twin Clean,4.0,7.0,7.0,8.0,6.5,"{""type"": ""Compressor"", ""settings"": {""type"": ""mid""}}","{""type"": ""Tremolo"", ""settings"": {""level"": 8.0, ""speed"": 5.5}}","{""type"": ""Echo"", ""settings"": {""level"": 4.0, ""time"": 299, ""feedback"": 1.0, ""wow"": 5.5}}","{""type"": ""Plate"", ""settings"": {""level"": 9.5, ""decay"": 3.5, ""tone"": 1.5}}",pitch_pos,data/audio_stems_augmented\021_the_shadows_apache_aug_pitch_pos.wav,1631.3284469719888,2854.323498223608,0.002988253,"[-198.0529022216797, 125.6851577758789, -29.535037994384766, 15.513906478881836]",0.06864167004823685,9.50213907482433,[0.10643396 0.1243714  0.1382804  ... 0.06970505 0.05958786 0.04532294],0.00031448210938833654,0.17586922645568848,0.0,0.9656590819358826,92.87981859410431
Apache,The Shadows,https://www.youtube.com/watch?v=Px_krd_edFI,20,Twin Clean,4.0,7.0,7.0,8.0,6.5,"{""type"": ""Compressor"", ""settings"": {""type"": ""mid""}}","{""type"": ""Tremolo"", ""settings"": {""level"": 8.0, ""speed"": 5.5}}","{""type"": ""Echo"", ""settings"": {""level"": 4.0, ""time"": 299, ""feedback"": 1.0, ""wow"": 5.5}}","{""type"": ""Plate"", ""settings"": {""level"": 9.5, ""decay"": 3.5, ""tone"": 1.5}}",pitch_neg_tilt_lo,data/audio_stems_augmented\021_the_shadows_apache_aug_pitch_neg_tilt_lo.wav,1394.510110395742,2417.897263812355,0.0011265395,"[-212.00376892089844, 147.48004150390625, -34.03911209106445, 17.167287826538086]",0.06809888035058975,7.798352828187471,[0.10348256 0.12233411 0.14302374 ... 0.05149022 0.0436775  0.0322814 ],0.0001444586378056556,0.16448086500167847,0.0,0.970391035079956,92.87981859410431
Motorcycle Emptiness,Manic Street Preachers,https://www.youtube.com/watch?v=gavcjNniIvk,0,70s Uk Cln,5.0,8.0,4.0,7.0,3.0,"{""type"": ""Rock Dirt"", ""settings"": {""level"": 6.0, ""distort"": 5.0, ""filter"": 5.0}}","{""type"": ""Chorus"", ""settings"": {""level"": 7.0, ""speed"": 4.5, ""depth"": 3.5}}",,"{""type"": ""Small Room"", ""settings"": {""level"": 3.5, ""decay"": 5.5, ""tone"": 5.5}}",none,data/audio_stems_augmented\022_manic_street_preachers_motorcycle_emptiness_orig.wav,2348.5116081939464,4006.8032907885176,0.0032963972,"[-235.05859375, 108.02848815917969, -80.6161117553711, 79.41559600830078]",0.036234211176633835,6.511950845608961,[0.00044722 0.0006086  0.00229807 ... 0.04137666 0.03343457 0.02913097],0.0005062072305008769,0.04762079566717148,0.0,0.9908439517021179,92.87981859410431
Motorcycle Emptiness,Manic Street Preachers,https://www.youtube.com/watch?v=gavcjNniIvk,0,70s Uk Cln,5.0,8.0,4.0,7.0,3.0,"{""type"": ""Rock Dirt"", ""settings"": {""level"": 6.0, ""distort"": 5.0, ""filter"": 5.0}}","{""type"": ""Chorus"", ""settings"": {""level"": 7.0, ""speed"": 4.5, ""depth"": 3.5}}",,"{""type"": ""Small Room"", ""settings"": {""level"": 3.5, ""decay"": 5.5, ""tone"": 5.5}}",gain_neg,data/audio_stems_augmented\022_manic_street_preachers_motorcycle_emptiness_aug_gain_neg.wav,2348.546257613175,4006.9201376271803,0.0033315134,"[-252.02264404296875, 108.0252914428711, -80.60810089111328, 79.41242980957031]",0.03048732690513134,6.5112410504137435,[0.00037778 0.000514   0.00193415 ... 0.03481406 0.02813141 0.02451056],0.0005116555839776993,0.04006780683994293,0.0,0.9908439517021179,92.87981859410431
Motorcycle Emptiness,Manic Street Preachers,https://www.youtube.com/watch?v=gavcjNniIvk,0,70s Uk Cln,5.0,8.0,4.0,7.0,3.0,"{""type"": ""Rock Dirt"", ""settings"": {""level"": 6.0, ""distort"": 5.0, ""filter"": 5.0}}","{""type"": ""Chorus"", ""settings"": {""level"": 7.0, ""speed"": 4.5, ""depth"": 3.5}}",,"{""type"": ""Small Room"", ""settings"": {""level"": 3.5, ""decay"": 5.5, ""tone"": 5.5}}",gain_pos_tilt_hi,data/audio_stems_augmented\022_manic_street_preachers_motorcycle_emptiness_aug_gain_pos_tilt_hi.wav,2378.4625272059675,4023.8045058139537,0.0033506737,"[-219.968017578125, 105.63352966308594, -82.79730224609375, 77.59749603271484]",0.04230182245373726,6.661477888725468,[0.00038762 0.00056467 0.00259018 ... 0.04815615 0.03881995 0.03399537],0.000502992479596287,0.0552159920334816,0.0,0.9908579587936401,92.87981859410431
Motorcycle Emptiness,Manic Street Preachers,https://www.youtube.com/watch?v=gavcjNniIvk,0,70s Uk Cln,5.0,8.0,4.0,7.0,3.0,"{""type"": ""Rock Dirt"", ""settings"": {""level"": 6.0, ""distort"": 5.0, ""filter"": 5.0}}","{""type"": ""Chorus"", ""settings"": {""level"": 7.0, ""speed"": 4.5, ""depth"": 3.5}}",,"{""type"": ""Small Room"", ""settings"": {""level"": 3.5, ""decay"": 5.5, ""tone"": 5.5}}",pitch_pos,data/audio_stems_augmented\022_manic_street_preachers_motorcycle_emptiness_aug_pitch_pos.wav,2501.565617160047,4248.125397438227,0.004300029,"[-268.3760681152344, 94.3075942993164, -73.28246307373047, 76.69996643066406]",0.02446070872247219,5.8797750940020626,[0.00053826 0.00152193 0.00443156 ... 0.02770005 0.02308816 0.01860973],0.0007313253008760512,0.028815509751439095,0.0,0.9889676570892334,92.87981859410431
Motorcycle Emptiness,Manic Street Preachers,https://www.youtube.com/watch?v=gavcjNniIvk,0,70s Uk Cln,5.0,8.0,4.0,7.0,3.0,"{""type"": ""Rock Dirt"", ""settings"": {""level"": 6.0, ""distort"": 5.0, ""filter"": 5.0}}","{""type"": ""Chorus"", ""settings"": {""level"": 7.0, ""speed"": 4.5, ""depth"": 3.5}}",,"{""type"": ""Small Room"", ""settings"": {""level"": 3.5, ""decay"": 5.5, ""tone"": 5.5}}",pitch_neg_tilt_lo,data/audio_stems_augmented\022_manic_street_preachers_motorcycle_emptiness_aug_pitch_neg_tilt_lo.wav,2153.329154854948,3700.864882358285,0.0015096259,"[-284.3433532714844, 125.26305389404297, -90.23526763916016, 80.38199615478516]",0.024195073172450066,8.650993360265966,[0.00046256 0.00074034 0.00163561 ... 0.02388263 0.02035018 0.01633093],0.00017450317682232708,0.03968431428074837,0.0,0.9869042634963989,92.87981859410431
One,Metallica,https://www.youtube.com/watch?v=WM8bTdBs-cw,250,70s Uk Cln,10.0,5.5,10.0,1.0,5.0,"{""type"": ""Myth Drive"", ""settings"": {""level"": 4.0, ""gain"": 5.0, ""treble"": 5.0}}",,,"{""type"": ""Plate"", ""settings"": {""level"": 4.7, ""decay"": 7.0, ""tone"": 5.5}}",none,data/audio_stems_augmented\023_metallica_one_orig.wav,2454.3475555516848,4050.233154296875,0.0036404897,"[-160.37310791015625, 82.54136657714844, -80.3049545288086, 96.08415222167969]",0.0868089571595192,5.507298869272912,[0.06497642 0.07681011 0.08842289 ... 0.17235215 0.1417039  0.11365549],0.0006610298296436667,0.29229602217674255,1.0,0.9461336135864258,92.87981859410431
One,Metallica,https://www.youtube.com/watch?v=WM8bTdBs-cw,250,70s Uk Cln,10.0,5.5,10.0,1.0,5.0,"{""type"": ""Myth Drive"", ""settings"": {""level"": 4.0, ""gain"": 5.0, ""treble"": 5.0}}",,,"{""type"": ""Plate"", ""settings"": {""level"": 4.7, ""decay"": 7.0, ""tone"": 5.5}}",gain_neg,data/audio_stems_augmented\023_metallica_one_aug_gain_neg.wav,2454.3676128443954,4050.233154296875,0.0036729488,"[-177.3433074951172, 82.54159545898438, -80.30487060546875, 96.08448028564453]",0.07304064184427261,5.507162587106695,[0.05467129 0.06462796 0.07439885 ... 0.145016   0.11922875 0.09562863],0.0006669402355328202,0.24593554437160492,1.0,0.946133553981781,92.87981859410431
One,Metallica,https://www.youtube.com/watch?v=WM8bTdBs-cw,250,70s Uk Cln,10.0,5.5,10.0,1.0,5.0,"{""type"": ""Myth Drive"", ""settings"": {""level"": 4.0, ""gain"": 5.0, ""treble"": 5.0}}",,,"{""type"": ""Plate"", ""settings"": {""level"": 4.7, ""decay"": 7.0, ""tone"": 5.5}}",gain_pos_tilt_hi,data/audio_stems_augmented\023_metallica_one_aug_gain_pos_tilt_hi.wav,2498.561597054085,4083.41759668966,0.0038066192,"[-147.6260223388672, 81.59244537353516, -83.5260238647461, 95.42060089111328]",0.09636391699314117,5.643690429415656,[0.07528365 0.08920271 0.10244882 ... 0.18275991 0.15102525 0.12090468],0.0006744909915141761,0.26825061440467834,1.0,0.9563382267951965,92.87981859410431
One,Metallica,https://www.youtube.com/watch?v=WM8bTdBs-cw,250,70s Uk Cln,10.0,5.5,10.0,1.0,5.0,"{""type"": ""Myth Drive"", ""settings"": {""level"": 4.0, ""gain"": 5.0, ""treble"": 5.0}}",,,"{""type"": ""Plate"", ""settings"": {""level"": 4.7, ""decay"": 7.0, ""tone"": 5.5}}",pitch_pos,data/audio_stems_augmented\023_metallica_one_aug_pitch_pos.wav,2644.803804080989,4346.181378696708,0.0052018664,"[-193.8889923095703, 70.24378204345703, -72.55647277832031, 98.145263671875]",0.056911323219537735,6.862555291182898,[0.06460829 0.07154565 0.0798054  ... 0.10960234 0.10217854 0.07525087],0.0007580070523545146,0.13875342905521393,1.0,0.9527261853218079,92.87981859410431
One,Metallica,https://www.youtube.com/watch?v=WM8bTdBs-cw,250,70s Uk Cln,10.0,5.5,10.0,1.0,5.0,"{""type"": ""Myth Drive"", ""settings"": {""level"": 4.0, ""gain"": 5.0, ""treble"": 5.0}}",,,"{""type"": ""Plate"", ""settings"": {""level"": 4.7, ""decay"": 7.0, ""tone"": 5.5}}",pitch_neg_tilt_lo,data/audio_stems_augmented\023_metallica_one_aug_pitch_neg_tilt_lo.wav,2289.087891504836,3761.5902750115647,0.0015081369,"[-202.00656127929688, 93.49229431152344, -89.35397338867188, 91.17570495605469]",0.05934155732393265,7.231541796407888,[0.06333655 0.07472485 0.0850427  ... 0.07324021 0.05809186 0.0420809 ],0.00020854981266893446,0.17862461507320404,1.0,0.942615807056427,92.87981859410431
Voodoo Child (Slight Return),Jimi Hendrix,https://www.youtube.com/watch?v=C0XwPUFfFwE,46,60s Uk Cln,6.5,8.0,3.5,5.5,4.6,"{""type"": ""Fuzz"", ""settings"": {""level"": 5.0, ""gain"": 5.0, ""vari"": ""loose""}}","{""type"": ""Touch Wah"", ""settings"": {""level"": 5.0, ""thresh"": 5.5, ""mode"": ""HI-UP"", ""filter"": ""BPF"", ""peak"": 5.0}}",,"{""type"": ""Spring 65"", ""settings"": {""level"": 5.5, ""decay"": 5.5, ""tone"": 5.5}}",none,data/audio_stems_augmented\024_jimi_hendrix_voodoo_child_slight_return_orig.wav,1502.0857789990084,2935.679329401632,0.0020520135,"[-90.63006591796875, 159.54225158691406, -57.862464904785156, 35.61370086669922]",0.1933387964963913,4.435423854025347,[0.12866607 0.15037549 0.16855615 ... 0.237527   0.2090191  0.17336051],0.0004626419395208359,0.49857380986213684,1.0,0.9814825057983398,92.87981859410431
Voodoo Child (Slight Return),Jimi Hendrix,https://www.youtube.com/watch?v=C0XwPUFfFwE,46,60s Uk Cln,6.5,8.0,3.5,5.5,4.6,"{""type"": ""Fuzz"", ""settings"": {""level"": 5.0, ""gain"": 5.0, ""vari"": ""loose""}}","{""type"": ""Touch Wah"", ""settings"": {""level"": 5.0, ""thresh"": 5.5, ""mode"": ""HI-UP"", ""filter"": ""BPF"", ""peak"": 5.0}}",,"{""type"": ""Spring 65"", ""settings"": {""level"": 5.5, ""decay"": 5.5, ""tone"": 5.5}}",gain_neg,data/audio_stems_augmented\024_jimi_hendrix_voodoo_child_slight_return_aug_gain_neg.wav,1502.0951460172842,2935.687747385653,0.0020639412,"[-107.60043334960938, 159.5423126220703, -57.86216735839844, 35.613922119140625]",0.16267432272434235,4.435381393599703,[0.1082592  0.12652539 0.14182246 ... 0.19985458 0.17586796 0.14586465],0.00046533558634109795,0.4194983243942261,1.0,0.9814825654029846,92.87981859410431
Voodoo Child (Slight Return),Jimi Hendrix,https://www.youtube.com/watch?v=C0XwPUFfFwE,46,60s Uk Cln,6.5,8.0,3.5,5.5,4.6,"{""type"": ""Fuzz"", ""settings"": {""level"": 5.0, ""gain"": 5.0, ""vari"": ""loose""}}","{""type"": ""Touch Wah"", ""settings"": {""level"": 5.0, ""thresh"": 5.5, ""mode"": ""HI-UP"", ""filter"": ""BPF"", ""peak"": 5.0}}",,"{""type"": ""Spring 65"", ""settings"": {""level"": 5.5, ""decay"": 5.5, ""tone"": 5.5}}",gain_pos_tilt_hi,data/audio_stems_augmented\024_jimi_hendrix_voodoo_child_slight_return_aug_gain_pos_tilt_hi.wav,1532.9562843042597,2973.8873506433824,0.0021387122,"[-75.064208984375, 157.2172088623047, -60.163841247558594, 33.90708541870117]",0.22218084335327148,4.500680466638819,[0.14960869 0.17361213 0.19321592 ... 0.27490503 0.2412339  0.20153025],0.00047519741929136217,0.5848968625068665,1.0,0.9814662933349609,92.87981859410431
Voodoo Child (Slight Return),Jimi Hendrix,https://www.youtube.com/watch?v=C0XwPUFfFwE,46,60s Uk Cln,6.5,8.0,3.5,5.5,4.6,"{""type"": ""Fuzz"", ""settings"": {""level"": 5.0, ""gain"": 5.0, ""vari"": ""loose""}}","{""type"": ""Touch Wah"", ""settings"": {""level"": 5.0, ""thresh"": 5.5, ""mode"": ""HI-UP"", ""filter"": ""BPF"", ""peak"": 5.0}}",,"{""type"": ""Spring 65"", ""settings"": {""level"": 5.5, ""decay"": 5.5, ""tone"": 5.5}}",pitch_pos,data/audio_stems_augmented\024_jimi_hendrix_voodoo_child_slight_return_aug_pitch_pos.wav,1601.3284482172814,3141.451328002547,0.002513862,"[-124.69270324707031, 149.7650604248047, -59.302188873291016, 35.8578987121582]",0.12970085442066193,6.539185850799122,[0.12704143 0.13988763 0.15577047 ... 0.17099223 0.15145867 0.11922332],0.00038443037192337215,0.2904300391674042,1.0,0.975430428981781,92.87981859410431
Voodoo Child (Slight Return),Jimi Hendrix,https://www.youtube.com/watch?v=C0XwPUFfFwE,46,60s Uk Cln,6.5,8.0,3.5,5.5,4.6,"{""type"": ""Fuzz"", ""settings"": {""level"": 5.0, ""gain"": 5.0, ""vari"": ""loose""}}","{""type"": ""Touch Wah"", ""settings"": {""level"": 5.0, ""thresh"": 5.5, ""mode"": ""HI-UP"", ""filter"": ""BPF"", ""peak"": 5.0}}",,"{""type"": ""Spring 65"", ""settings"": {""level"": 5.5, ""decay"": 5.5, ""tone"": 5.5}}",pitch_neg_tilt_lo,data/audio_stems_augmented\024_jimi_hendrix_voodoo_child_slight_return_aug_pitch_neg_tilt_lo.wav,1388.6684097886327,2734.699638944223,0.00074362534,"[-134.25253295898438, 166.14939880371094, -58.18589401245117, 33.94215393066406]",0.13231056928634644,6.07415076592859,[0.12456755 0.14672372 0.16385527 ... 0.14495322 0.12654455 0.10004006],0.00012242454977240413,0.3579390347003937,1.0,0.9737993478775024,92.87981859410431
Where Is My Mind?,Pixies,https://www.youtube.com/watch?v=tPgf_btTFlc,10,Super Clean,4.5,9.5,6.5,5.5,4.0,"{""type"": ""Myth Drive"", ""settings"": {""level"": 6.0, ""gain"": 5.0, ""treble"": 5.0}}","{""type"": ""Chorus"", ""settings"": {""level"": 3.5, ""speed"": 5.0, ""depth"": 6.0}}",,"{""type"": ""Plate"", ""settings"": {""level"": 3.5, ""decay"": 7.0, ""tone"": 4.5}}",none,data/audio_stems_augmented\025_pixies_where_is_my_mind_orig.wav,1197.4854718997242,2179.1701561895316,0.0003012061,"[-339.2265625, 194.5206298828125, -71.17603302001953, 18.21484375]",0.023142900317907333,9.66798507334445,[0.03244814 0.03693087 0.04013119 ... 0.00922399 0.00773237 0.0061516 ],3.115499930572696e-05,0.044386014342308044,0.0,0.971084713935852,92.87981859410431
Where Is My Mind?,Pixies,https://www.youtube.com/watch?v=tPgf_btTFlc,10,Super Clean,4.5,9.5,6.5,5.5,4.0,"{""type"": ""Myth Drive"", ""settings"": {""level"": 6.0, ""gain"": 5.0, ""treble"": 5.0}}","{""type"": ""Chorus"", ""settings"": {""level"": 3.5, ""speed"": 5.0, ""depth"": 6.0}}",,"{""type"": ""Plate"", ""settings"": {""level"": 3.5, ""decay"": 7.0, ""tone"": 4.5}}",gain_neg,data/audio_stems_augmented\025_pixies_where_is_my_mind_aug_gain_neg.wav,1197.9258365213252,2179.411821394882,0.00030861242,"[-356.1935729980469, 194.516357421875, -71.17289733886719, 18.214075088500977]",0.019472308456897736,9.667742893809061,[0.02730189 0.03107365 0.03376645 ... 0.00776081 0.00650597 0.00517571],3.192186704836786e-05,0.03734590858221054,0.0,0.9710840582847595,92.87981859410431
Where Is My Mind?,Pixies,https://www.youtube.com/watch?v=tPgf_btTFlc,10,Super Clean,4.5,9.5,6.5,5.5,4.0,"{""type"": ""Myth Drive"", ""settings"": {""level"": 6.0, ""gain"": 5.0, ""treble"": 5.0}}","{""type"": ""Chorus"", ""settings"": {""level"": 3.5, ""speed"": 5.0, ""depth"": 6.0}}",,"{""type"": ""Plate"", ""settings"": {""level"": 3.5, ""decay"": 7.0, ""tone"": 4.5}}",gain_pos_tilt_hi,data/audio_stems_augmented\025_pixies_where_is_my_mind_aug_gain_pos_tilt_hi.wav,1222.0512946209126,2201.4450214964686,0.00031227028,"[-324.1780090332031, 192.19515991210938, -73.39191436767578, 16.427780151367188]",0.026581814512610435,9.91084867360997,[0.03731503 0.04257411 0.04632109 ... 0.01034738 0.00852665 0.00653745],3.1507923267781734e-05,0.05028189718723297,0.0,0.970603883266449,92.87981859410431
Where Is My Mind?,Pixies,https://www.youtube.com/watch?v=tPgf_btTFlc,10,Super Clean,4.5,9.5,6.5,5.5,4.0,"{""type"": ""Myth Drive"", ""settings"": {""level"": 6.0, ""gain"": 5.0, ""treble"": 5.0}}","{""type"": ""Chorus"", ""settings"": {""level"": 3.5, ""speed"": 5.0, ""depth"": 6.0}}",,"{""type"": ""Plate"", ""settings"": {""level"": 3.5, ""decay"": 7.0, ""tone"": 4.5}}",pitch_pos,data/audio_stems_augmented\025_pixies_where_is_my_mind_aug_pitch_pos.wav,1276.3784396801368,2320.02709430197,0.0003828354,"[-369.6976623535156, 182.06358337402344, -71.65918731689453, 21.09632682800293]",0.015961674973368645,10.583772004495499,[0.03065965 0.03353794 0.0355837  ... 0.00533281 0.00441773 0.00356932],3.617192123783752e-05,0.03275652229785919,1.0,0.9655059576034546,92.87981859410431
Where Is My Mind?,Pixies,https://www.youtube.com/watch?v=tPgf_btTFlc,10,Super Clean,4.5,9.5,6.5,5.5,4.0,"{""type"": ""Myth Drive"", ""settings"": {""level"": 6.0, ""gain"": 5.0, ""treble"": 5.0}}","{""type"": ""Chorus"", ""settings"": {""level"": 3.5, ""speed"": 5.0, ""depth"": 6.0}}",,"{""type"": ""Plate"", ""settings"": {""level"": 3.5, ""decay"": 7.0, ""tone"": 4.5}}",pitch_neg_tilt_lo,data/audio_stems_augmented\025_pixies_where_is_my_mind_aug_pitch_neg_tilt_lo.wav,1116.9184402331157,2040.1442307692307,0.00017312611,"[-380.8495178222656, 196.63238525390625, -62.14744567871094, 10.207451820373535]",0.015997154638171196,11.48165565896622,[0.03049597 0.03623299 0.03970489 ... 0.0053273  0.00440476 0.00352571],1.5078495380294044e-05,0.03928359970450401,1.0,0.9685168862342834,92.87981859410431
Spellbound,Siouxsie and the Banshees,https://www.youtube.com/watch?v=TjvvK-Rj0WI,0,50s Twin,3.0,6.0,10.0,8.0,7.0,"{""type"": ""Myth Drive"", ""settings"": {""level"": 5.0, ""gain"": 5.0, ""treble"": 5.0}}","{""type"": ""Chorus"", ""settings"": {""level"": 8.5, ""speed"": 4.5, ""depth"": 6.0}}","{""type"": ""Echo"", ""settings"": {""level"": 2.5, ""time"": 125, ""feedback"": 3.5, ""wow"": 10.0}}","{""type"": ""Arena"", ""settings"": {""level"": 2.5, ""decay"": 5.5, ""tone"": 5.5}}",none,data/audio_stems_augmented\026_siouxsie_and_the_banshees_spellbound_orig.wav,1689.7864070979458,2714.200774682246,0.0005250819,"[-343.9668884277344, 141.26560974121094, -101.02958679199219, 33.431819915771484]",0.02182091772556305,6.953256828557902,"[1.6029106e-05 2.0230487e-05 2.3457287e-05 ... 3.5165921e-02 3.2428652e-02
 2.9243430e-02]",7.551594899268821e-05,0.053481850773096085,1.0,0.9763385057449341,92.87981859410431
Spellbound,Siouxsie and the Banshees,https://www.youtube.com/watch?v=TjvvK-Rj0WI,0,50s Twin,3.0,6.0,10.0,8.0,7.0,"{""type"": ""Myth Drive"", ""settings"": {""level"": 5.0, ""gain"": 5.0, ""treble"": 5.0}}","{""type"": ""Chorus"", ""settings"": {""level"": 8.5, ""speed"": 4.5, ""depth"": 6.0}}","{""type"": ""Echo"", ""settings"": {""level"": 2.5, ""time"": 125, ""feedback"": 3.5, ""wow"": 10.0}}","{""type"": ""Arena"", ""settings"": {""level"": 2.5, ""decay"": 5.5, ""tone"": 5.5}}",gain_neg,data/audio_stems_augmented\026_siouxsie_and_the_banshees_spellbound_aug_gain_neg.wav,1690.1637841995778,2714.4335194718274,0.00053679256,"[-360.9235534667969, 141.2533416748047, -101.01438903808594, 33.4296760559082]",0.01836002804338932,6.954161094534776,"[1.4463187e-05 1.8257322e-05 2.1335465e-05 ... 2.9588422e-02 2.7285377e-02
 2.4605177e-02]",7.719011045992374e-05,0.04499727487564087,1.0,0.9763376712799072,92.87981859410431
Spellbound,Siouxsie and the Banshees,https://www.youtube.com/watch?v=TjvvK-Rj0WI,0,50s Twin,3.0,6.0,10.0,8.0,7.0,"{""type"": ""Myth Drive"", ""settings"": {""level"": 5.0, ""gain"": 5.0, ""treble"": 5.0}}","{""type"": ""Chorus"", ""settings"": {""level"": 8.5, ""speed"": 4.5, ""depth"": 6.0}}","{""type"": ""Echo"", ""settings"": {""level"": 2.5, ""time"": 125, ""feedback"": 3.5, ""wow"": 10.0}}","{""type"": ""Arena"", ""settings"": {""level"": 2.5, ""decay"": 5.5, ""tone"": 5.5}}",gain_pos_tilt_hi,data/audio_stems_augmented\026_siouxsie_and_the_banshees_spellbound_aug_gain_pos_tilt_hi.wav,1714.967729286139,2733.0398900821187,0.00055949244,"[-329.76336669921875, 139.6702880859375, -103.91680145263672, 32.1251106262207]",0.02488921768963337,6.8697667640565205,"[2.0140373e-05 2.5330783e-05 2.9755556e-05 ... 3.7806775e-02 3.4918014e-02
 3.1517416e-02]",8.144270395860076e-05,0.062381453812122345,1.0,0.9761989712715149,92.87981859410431
Spellbound,Siouxsie and the Banshees,https://www.youtube.com/watch?v=TjvvK-Rj0WI,0,50s Twin,3.0,6.0,10.0,8.0,7.0,"{""type"": ""Myth Drive"", ""settings"": {""level"": 5.0, ""gain"": 5.0, ""treble"": 5.0}}","{""type"": ""Chorus"", ""settings"": {""level"": 8.5, ""speed"": 4.5, ""depth"": 6.0}}","{""type"": ""Echo"", ""settings"": {""level"": 2.5, ""time"": 125, ""feedback"": 3.5, ""wow"": 10.0}}","{""type"": ""Arena"", ""settings"": {""level"": 2.5, ""decay"": 5.5, ""tone"": 5.5}}",pitch_pos,data/audio_stems_augmented\026_siouxsie_and_the_banshees_spellbound_aug_pitch_pos.wav,1806.0588045807328,2905.0470489625504,0.00076348754,"[-375.4516296386719, 126.20466613769531, -97.02167510986328, 37.56727600097656]",0.014854971319437027,8.066960195330836,"[2.0342568e-05 2.3965515e-05 2.7259075e-05 ... 2.2385128e-02 1.9969551e-02
 1.6983714e-02]",9.46437576203607e-05,0.03716456517577171,1.0,0.9731216430664062,92.87981859410431
Spellbound,Siouxsie and the Banshees,https://www.youtube.com/watch?v=TjvvK-Rj0WI,0,50s Twin,3.0,6.0,10.0,8.0,7.0,"{""type"": ""Myth Drive"", ""settings"": {""level"": 5.0, ""gain"": 5.0, ""treble"": 5.0}}","{""type"": ""Chorus"", ""settings"": {""level"": 8.5, ""speed"": 4.5, ""depth"": 6.0}}","{""type"": ""Echo"", ""settings"": {""level"": 2.5, ""time"": 125, ""feedback"": 3.5, ""wow"": 10.0}}","{""type"": ""Arena"", ""settings"": {""level"": 2.5, ""decay"": 5.5, ""tone"": 5.5}}",pitch_neg_tilt_lo,data/audio_stems_augmented\026_siouxsie_and_the_banshees_spellbound_aug_pitch_neg_tilt_lo.wav,1581.1362156472662,2535.2968514683735,0.00028759943,"[-389.2162780761719, 152.94435119628906, -102.28778839111328, 26.55866813659668]",0.014606419019401073,9.66456265947784,"[1.7559007e-05 2.1820186e-05 2.5411438e-05 ... 2.3829041e-02 2.0446319e-02
 1.6826363e-02]",2.975813731609378e-05,0.040919434279203415,1.0,0.9744861721992493,92.87981859410431
Creep,Radiohead,https://www.youtube.com/watch?v=XFkzRNyygfk,123,90s Rock,5.0,7.5,6.0,7.5,3.0,"{""type"": ""Blues Drive"", ""settings"": {""level"": 3.0, ""gain"": 9.5, ""tone"": 5.0, ""blend"": 5.0}}","{""type"": ""Chorus"", ""settings"": {""level"": 10.0, ""speed"": 2.0, ""depth"": 2.0}}","{""type"": ""Echo"", ""settings"": {""level"": 6.0, ""time"": 42, ""feedback"": 5.0, ""wow"": 4.5}}","{""type"": ""Spring 65"", ""settings"": {""level"": 9.5, ""decay"": 5.5, ""tone"": 5.0}}",none,data/audio_stems_augmented\027_radiohead_creep_orig.wav,2188.6276634069095,3397.230224609375,0.0013548764,"[-120.13400268554688, 138.18309020996094, -121.16901397705078, 94.66635131835938]",0.11904437094926834,5.205237455996465,[0.00033151 0.00059924 0.00061081 ... 0.13969257 0.12163301 0.10571461],0.0002602909517008811,0.09856557101011276,0.0,0.9906461834907532,92.87981859410431
Creep,Radiohead,https://www.youtube.com/watch?v=XFkzRNyygfk,123,90s Rock,5.0,7.5,6.0,7.5,3.0,"{""type"": ""Blues Drive"", ""settings"": {""level"": 3.0, ""gain"": 9.5, ""tone"": 5.0, ""blend"": 5.0}}","{""type"": ""Chorus"", ""settings"": {""level"": 10.0, ""speed"": 2.0, ""depth"": 2.0}}","{""type"": ""Echo"", ""settings"": {""level"": 6.0, ""time"": 42, ""feedback"": 5.0, ""wow"": 4.5}}","{""type"": ""Spring 65"", ""settings"": {""level"": 9.5, ""decay"": 5.5, ""tone"": 5.0}}",gain_neg,data/audio_stems_augmented\027_radiohead_creep_aug_gain_neg.wav,2188.640057379549,3397.264404296875,0.0013685783,"[-137.10301208496094, 138.18077087402344, -121.16685485839844, 94.66434478759766]",0.10016334056854248,5.205373681952569,[0.00027827 0.00050374 0.00051332 ... 0.11753674 0.10234154 0.08894811],0.0002629163791425526,0.08293303847312927,0.0,0.9906463623046875,92.87981859410431
Creep,Radiohead,https://www.youtube.com/watch?v=XFkzRNyygfk,123,90s Rock,5.0,7.5,6.0,7.5,3.0,"{""type"": ""Blues Drive"", ""settings"": {""level"": 3.0, ""gain"": 9.5, ""tone"": 5.0, ""blend"": 5.0}}","{""type"": ""Chorus"", ""settings"": {""level"": 10.0, ""speed"": 2.0, ""depth"": 2.0}}","{""type"": ""Echo"", ""settings"": {""level"": 6.0, ""time"": 42, ""feedback"": 5.0, ""wow"": 4.5}}","{""type"": ""Spring 65"", ""settings"": {""level"": 9.5, ""decay"": 5.5, ""tone"": 5.0}}",gain_pos_tilt_hi,data/audio_stems_augmented\027_radiohead_creep_aug_gain_pos_tilt_hi.wav,2221.6065827080415,3414.063720703125,0.0013983106,"[-105.0145492553711, 135.74757385253906, -123.30900573730469, 92.8093490600586]",0.1380051076412201,5.169846981259788,[0.0003341  0.00056196 0.00057348 ... 0.16357489 0.14224395 0.12404173],0.00027047423645853996,0.11582298576831818,0.0,0.9904656410217285,92.87981859410431
Creep,Radiohead,https://www.youtube.com/watch?v=XFkzRNyygfk,123,90s Rock,5.0,7.5,6.0,7.5,3.0,"{""type"": ""Blues Drive"", ""settings"": {""level"": 3.0, ""gain"": 9.5, ""tone"": 5.0, ""blend"": 5.0}}","{""type"": ""Chorus"", ""settings"": {""level"": 10.0, ""speed"": 2.0, ""depth"": 2.0}}","{""type"": ""Echo"", ""settings"": {""level"": 6.0, ""time"": 42, ""feedback"": 5.0, ""wow"": 4.5}}","{""type"": ""Spring 65"", ""settings"": {""level"": 9.5, ""decay"": 5.5, ""tone"": 5.0}}",pitch_pos,data/audio_stems_augmented\027_radiohead_creep_aug_pitch_pos.wav,2320.4430291055273,3603.08035382385,0.001813209,"[-151.4495086669922, 120.81883239746094, -111.02578735351562, 96.88292694091797]",0.0823691189289093,4.876062471753473,[0.00015708 0.00031807 0.00048341 ... 0.09637564 0.08271042 0.06716556],0.0003718592051882297,0.09279445558786392,0.0,0.9906070828437805,92.87981859410431
Creep,Radiohead,https://www.youtube.com/watch?v=XFkzRNyygfk,123,90s Rock,5.0,7.5,6.0,7.5,3.0,"{""type"": ""Blues Drive"", ""settings"": {""level"": 3.0, ""gain"": 9.5, ""tone"": 5.0, ""blend"": 5.0}}","{""type"": ""Chorus"", ""settings"": {""level"": 10.0, ""speed"": 2.0, ""depth"": 2.0}}","{""type"": ""Echo"", ""settings"": {""level"": 6.0, ""time"": 42, ""feedback"": 5.0, ""wow"": 4.5}}","{""type"": ""Spring 65"", ""settings"": {""level"": 9.5, ""decay"": 5.5, ""tone"": 5.0}}",pitch_neg_tilt_lo,data/audio_stems_augmented\027_radiohead_creep_aug_pitch_neg_tilt_lo.wav,2028.2314291609655,3161.1117865905035,0.000569648,"[-169.5655517578125, 152.05641174316406, -126.34400939941406, 85.71206665039062]",0.08002051711082458,5.473000006552388,"[8.6700486e-05 5.8464048e-04 6.0175679e-04 ... 8.7212183e-02 7.3829211e-02
 5.7338733e-02]",0.00010408330126665533,0.08225955814123154,0.0,0.9903937578201294,92.87981859410431
This Charming Man,The Smiths,https://www.youtube.com/watch?v=cJRP3LRcUFg,60,Super Clean,5.5,7.0,4.5,7.5,3.5,"{""type"": ""Compressor"", ""settings"": {""type"": ""mid""}}","{""type"": ""Chorus"", ""settings"": {""level"": 10.0, ""speed"": 4.0, ""depth"": 4.0}}",,"{""type"": ""Spring 65"", ""settings"": {""level"": 4.0, ""decay"": 4.0, ""tone"": 5.5}}",none,data/audio_stems_augmented\028_the_smiths_this_charming_man_orig.wav,2196.895567355197,3168.072509765625,0.00039446008,"[-201.0667724609375, 129.93670654296875, -120.89917755126953, 77.60816955566406]",0.09258894622325897,6.65856433045836,[0.09227314 0.10683787 0.12570867 ... 0.0002053  0.00020168 0.00019761],5.924099968979135e-05,0.17689348757266998,1.0,0.9656367301940918,92.87981859410431
This Charming Man,The Smiths,https://www.youtube.com/watch?v=cJRP3LRcUFg,60,Super Clean,5.5,7.0,4.5,7.5,3.5,"{""type"": ""Compressor"", ""settings"": {""type"": ""mid""}}","{""type"": ""Chorus"", ""settings"": {""level"": 10.0, ""speed"": 4.0, ""depth"": 4.0}}",,"{""type"": ""Spring 65"", ""settings"": {""level"": 4.0, ""decay"": 4.0, ""tone"": 5.5}}",gain_neg,data/audio_stems_augmented\028_the_smiths_this_charming_man_aug_gain_neg.wav,2196.931085916472,3168.1136036647185,0.00039885216,"[-218.03770446777344, 129.93838500976562, -120.89978790283203, 77.6097640991211]",0.07790389657020569,6.658603191922323,[0.0776384  0.08989313 0.10577089 ... 0.00017413 0.00017098 0.00016737],5.99002669332549e-05,0.14883771538734436,1.0,0.9656366109848022,92.87981859410431
This Charming Man,The Smiths,https://www.youtube.com/watch?v=cJRP3LRcUFg,60,Super Clean,5.5,7.0,4.5,7.5,3.5,"{""type"": ""Compressor"", ""settings"": {""type"": ""mid""}}","{""type"": ""Chorus"", ""settings"": {""level"": 10.0, ""speed"": 4.0, ""depth"": 4.0}}",,"{""type"": ""Spring 65"", ""settings"": {""level"": 4.0, ""decay"": 4.0, ""tone"": 5.5}}",gain_pos_tilt_hi,data/audio_stems_augmented\028_the_smiths_this_charming_man_aug_gain_pos_tilt_hi.wav,2216.690236508627,3175.3255829556297,0.00039061595,"[-185.9431915283203, 127.5130615234375, -123.03225708007812, 75.76082611083984]",0.10910216718912125,6.728497079506163,[0.1094707  0.1267589  0.14915855 ... 0.00021165 0.00020808 0.00020383],5.805395994684659e-05,0.21154755353927612,1.0,0.9650118350982666,92.87981859410431
This Charming Man,The Smiths,https://www.youtube.com/watch?v=cJRP3LRcUFg,60,Super Clean,5.5,7.0,4.5,7.5,3.5,"{""type"": ""Compressor"", ""settings"": {""type"": ""mid""}}","{""type"": ""Chorus"", ""settings"": {""level"": 10.0, ""speed"": 4.0, ""depth"": 4.0}}",,"{""type"": ""Spring 65"", ""settings"": {""level"": 4.0, ""decay"": 4.0, ""tone"": 5.5}}",pitch_pos,data/audio_stems_augmented\028_the_smiths_this_charming_man_aug_pitch_pos.wav,2344.049720667496,3361.314533186368,0.000510815,"[-236.8582763671875, 116.87885284423828, -117.26728057861328, 85.0369644165039]",0.06379885226488113,6.098268094733336,[0.0911543  0.10278776 0.1150014  ... 0.00013151 0.00012778 0.00012225],8.376393816433847e-05,0.12884044647216797,1.0,0.9649652242660522,92.87981859410431
This Charming Man,The Smiths,https://www.youtube.com/watch?v=cJRP3LRcUFg,60,Super Clean,5.5,7.0,4.5,7.5,3.5,"{""type"": ""Compressor"", ""settings"": {""type"": ""mid""}}","{""type"": ""Chorus"", ""settings"": {""level"": 10.0, ""speed"": 4.0, ""depth"": 4.0}}",,"{""type"": ""Spring 65"", ""settings"": {""level"": 4.0, ""decay"": 4.0, ""tone"": 5.5}}",pitch_neg_tilt_lo,data/audio_stems_augmented\028_the_smiths_this_charming_man_aug_pitch_neg_tilt_lo.wav,2059.904680848413,2970.4211286006084,0.00018342886,"[-249.31346130371094, 144.26678466796875, -127.07592010498047, 69.40474700927734]",0.06290432810783386,6.015189214548471,"[8.9421444e-02 1.0352714e-01 1.1960725e-01 ... 9.5774260e-05 9.2940441e-05
 8.4158717e-05]",3.049427323276177e-05,0.13107755780220032,1.0,0.9664678573608398,92.87981859410431
Flip the Switch,The Rolling Stones,https://www.youtube.com/watch?v=dbm1dWfZej8,60,80s Rock,7.0,10.0,8.0,4.5,9.5,"{""type"": ""Big Fuzz"", ""settings"": {""level"": 7.5, ""tone"": 5.0, ""sustain"": 5.0}}","{""type"": ""Phaser"", ""settings"": {""level"": 2.0, ""speed"": 4.0, ""depth"": 6.5}}",,"{""type"": ""Plate"", ""settings"": {""level"": 10.0, ""decay"": 5.5, ""tone"": 4.5}}",none,data/audio_stems_augmented\029_the_rolling_stones_flip_the_switch_orig.wav,1675.229086921397,2886.449987291828,0.0008368692,"[-180.2149200439453, 155.8453826904297, -99.63756561279297, 50.68931198120117]",0.08227504789829254,7.302241367859178,[0.0568913  0.06974255 0.07888164 ... 0.03886487 0.03362964 0.02735043],0.0001146044087363407,0.11214646697044373,1.0,0.9797476530075073,92.87981859410431
Flip the Switch,The Rolling Stones,https://www.youtube.com/watch?v=dbm1dWfZej8,60,80s Rock,7.0,10.0,8.0,4.5,9.5,"{""type"": ""Big Fuzz"", ""settings"": {""level"": 7.5, ""tone"": 5.0, ""sustain"": 5.0}}","{""type"": ""Phaser"", ""settings"": {""level"": 2.0, ""speed"": 4.0, ""depth"": 6.5}}",,"{""type"": ""Plate"", ""settings"": {""level"": 10.0, ""decay"": 5.5, ""tone"": 4.5}}",gain_neg,data/audio_stems_augmented\029_the_rolling_stones_flip_the_switch_aug_gain_neg.wav,1675.2514382260035,2886.4416475539797,0.0008456382,"[-197.18438720703125, 155.84732055664062, -99.63597869873047, 50.69064712524414]",0.06922582536935806,7.3024247312138835,[0.0478678  0.05868074 0.0663702  ... 0.03270055 0.02829576 0.02301252],0.00011580237332964316,0.0943596214056015,1.0,0.9797473549842834,92.87981859410431
Flip the Switch,The Rolling Stones,https://www.youtube.com/watch?v=dbm1dWfZej8,60,80s Rock,7.0,10.0,8.0,4.5,9.5,"{""type"": ""Big Fuzz"", ""settings"": {""level"": 7.5, ""tone"": 5.0, ""sustain"": 5.0}}","{""type"": ""Phaser"", ""settings"": {""level"": 2.0, ""speed"": 4.0, ""depth"": 6.5}}",,"{""type"": ""Plate"", ""settings"": {""level"": 10.0, ""decay"": 5.5, ""tone"": 4.5}}",gain_pos_tilt_hi,data/audio_stems_augmented\029_the_rolling_stones_flip_the_switch_aug_gain_pos_tilt_hi.wav,1709.428573891514,2914.840707690354,0.0008851362,"[-167.27867126464844, 156.20333862304688, -104.48733520507812, 51.20707321166992]",0.09226074814796448,7.472133399620173,[0.0655617  0.0803483  0.09065195 ... 0.04606597 0.03987202 0.03242674],0.00011845827975776047,0.1236007809638977,1.0,0.9810218811035156,92.87981859410431
Flip the Switch,The Rolling Stones,https://www.youtube.com/watch?v=dbm1dWfZej8,60,80s Rock,7.0,10.0,8.0,4.5,9.5,"{""type"": ""Big Fuzz"", ""settings"": {""level"": 7.5, ""tone"": 5.0, ""sustain"": 5.0}}","{""type"": ""Phaser"", ""settings"": {""level"": 2.0, ""speed"": 4.0, ""depth"": 6.5}}",,"{""type"": ""Plate"", ""settings"": {""level"": 10.0, ""decay"": 5.5, ""tone"": 4.5}}",pitch_pos,data/audio_stems_augmented\029_the_rolling_stones_flip_the_switch_aug_pitch_pos.wav,1783.5475767779444,3076.038128396739,0.0010974145,"[-212.16986083984375, 142.0517578125, -96.49987030029297, 54.05234146118164]",0.05689677968621254,6.127353552681435,[0.05592142 0.06585032 0.07347583 ... 0.02471323 0.02118861 0.01577495],0.0001791008689906448,0.08291266113519669,1.0,0.9764181971549988,92.87981859410431
Flip the Switch,The Rolling Stones,https://www.youtube.com/watch?v=dbm1dWfZej8,60,80s Rock,7.0,10.0,8.0,4.5,9.5,"{""type"": ""Big Fuzz"", ""settings"": {""level"": 7.5, ""tone"": 5.0, ""sustain"": 5.0}}","{""type"": ""Phaser"", ""settings"": {""level"": 2.0, ""speed"": 4.0, ""depth"": 6.5}}",,"{""type"": ""Plate"", ""settings"": {""level"": 10.0, ""decay"": 5.5, ""tone"": 4.5}}",pitch_neg_tilt_lo,data/audio_stems_augmented\029_the_rolling_stones_flip_the_switch_aug_pitch_neg_tilt_lo.wav,1555.6826373014474,2688.74976116678,0.00037196415,"[-225.40550231933594, 164.5010223388672, -97.3839111328125, 42.24589157104492]",0.05567154288291931,6.22273618080572,[0.05621434 0.06822366 0.07657526 ... 0.02559484 0.02213911 0.01720174],5.9775004046969116e-05,0.10413698852062225,1.0,0.9773153066635132,92.87981859410431
Smells Like Teen Spirit,Nirvana,https://www.youtube.com/watch?v=hTWKbfoikeg,60,60s Uk Cln,3.0,8.0,10.0,10.0,5.0,"{""type"": ""Fuzz"", ""settings"": {""level"": 5.5, ""gain"": 10.0, ""vari"": ""tight""}}","{""type"": ""Chorus"", ""settings"": {""level"": 9.5, ""speed"": 3.0, ""depth"": 8.0}}",,,none,data/audio_stems_augmented\030_nirvana_smells_like_teen_spirit_orig.wav,2515.7639824676535,4123.558437409368,0.004333454,"[-130.85556030273438, 105.3510513305664, -95.34666442871094, 97.749267578125]",0.08514228463172913,8.419788252651255,[0.06139825 0.07739817 0.09082285 ... 0.1424297  0.12421659 0.11030549],0.0005146748735569417,0.09428876638412476,0.0,0.9850894808769226,92.87981859410431
Smells Like Teen Spirit,Nirvana,https://www.youtube.com/watch?v=hTWKbfoikeg,60,60s Uk Cln,3.0,8.0,10.0,10.0,5.0,"{""type"": ""Fuzz"", ""settings"": {""level"": 5.5, ""gain"": 10.0, ""vari"": ""tight""}}","{""type"": ""Chorus"", ""settings"": {""level"": 9.5, ""speed"": 3.0, ""depth"": 8.0}}",,,gain_neg,data/audio_stems_augmented\030_nirvana_smells_like_teen_spirit_aug_gain_neg.wav,2515.780796750003,4123.600071599478,0.004367172,"[-147.8251953125, 105.34817504882812, -95.34529876708984, 97.74724578857422]",0.07163829356431961,8.419680061460607,[0.05166008 0.06512228 0.0764177  ... 0.1198396  0.10451528 0.09281053],0.0005186861380934715,0.07933463901281357,0.0,0.9850894212722778,92.87981859410431
Smells Like Teen Spirit,Nirvana,https://www.youtube.com/watch?v=hTWKbfoikeg,60,60s Uk Cln,3.0,8.0,10.0,10.0,5.0,"{""type"": ""Fuzz"", ""settings"": {""level"": 5.5, ""gain"": 10.0, ""vari"": ""tight""}}","{""type"": ""Chorus"", ""settings"": {""level"": 9.5, ""speed"": 3.0, ""depth"": 8.0}}",,,gain_pos_tilt_hi,data/audio_stems_augmented\030_nirvana_smells_like_teen_spirit_aug_gain_pos_tilt_hi.wav,2547.813120909721,4135.865504005946,0.0044295555,"[-115.7366943359375, 102.95142364501953, -97.48736572265625, 95.92806243896484]",0.09880368411540985,8.549149794712353,[0.07139269 0.09002026 0.10548477 ... 0.16653818 0.14490078 0.12838064],0.000518128159455955,0.11815188825130463,0.0,0.9850003123283386,92.87981859410431
Smells Like Teen Spirit,Nirvana,https://www.youtube.com/watch?v=hTWKbfoikeg,60,60s Uk Cln,3.0,8.0,10.0,10.0,5.0,"{""type"": ""Fuzz"", ""settings"": {""level"": 5.5, ""gain"": 10.0, ""vari"": ""tight""}}","{""type"": ""Chorus"", ""settings"": {""level"": 9.5, ""speed"": 3.0, ""depth"": 8.0}}",,,pitch_pos,data/audio_stems_augmented\030_nirvana_smells_like_teen_spirit_aug_pitch_pos.wav,2677.173784736634,4376.50279600493,0.0059001776,"[-164.20814514160156, 90.71161651611328, -85.11320495605469, 96.35199737548828]",0.05732361227273941,7.276887864603966,[0.06237654 0.07157571 0.07998697 ... 0.09409448 0.08253828 0.06619576],0.000810810481198132,0.06307268887758255,0.0,0.9844700694084167,92.87981859410431
Smells Like Teen Spirit,Nirvana,https://www.youtube.com/watch?v=hTWKbfoikeg,60,60s Uk Cln,3.0,8.0,10.0,10.0,5.0,"{""type"": ""Fuzz"", ""settings"": {""level"": 5.5, ""gain"": 10.0, ""vari"": ""tight""}}","{""type"": ""Chorus"", ""settings"": {""level"": 9.5, ""speed"": 3.0, ""depth"": 8.0}}",,,pitch_neg_tilt_lo,data/audio_stems_augmented\030_nirvana_smells_like_teen_spirit_aug_pitch_neg_tilt_lo.wav,2326.866036619198,3846.6078047962587,0.0017218874,"[-181.9288330078125, 122.58189392089844, -106.88880920410156, 96.5915756225586]",0.05667370185256004,8.45611941853298,[0.05971552 0.07541745 0.08791924 ... 0.09359407 0.08181828 0.06588766],0.0002036261575995013,0.06407769024372101,0.0,0.9826266169548035,92.87981859410431
Come as You Are,Nirvana,https://www.youtube.com/watch?v=vabnZ9-ex7o,0,60s Uk Cln,3.0,8.0,10.0,10.0,5.0,,"{""type"": ""Chorus"", ""settings"": {""level"": 9.5, ""speed"": 3.0, ""depth"": 8.0}}",,,none,data/audio_stems_augmented\031_nirvana_come_as_you_are_orig.wav,618.6266693621254,1044.7595494394084,3.4475706e-05,"[-348.1073913574219, 201.86831665039062, 4.29567289352417, 18.20780372619629]",0.057622022926807404,5.687453639852503,"[7.77229943e-05 9.52791743e-05 1.10003763e-04 ... 1.52167093e-04
 1.34930597e-04 1.14299764e-04]",6.0617107919824775e-06,0.13281960785388947,1.0,0.9450286030769348,92.87981859410431
Come as You Are,Nirvana,https://www.youtube.com/watch?v=vabnZ9-ex7o,0,60s Uk Cln,3.0,8.0,10.0,10.0,5.0,,"{""type"": ""Chorus"", ""settings"": {""level"": 9.5, ""speed"": 3.0, ""depth"": 8.0}}",,,gain_neg,data/audio_stems_augmented\031_nirvana_come_as_you_are_aug_gain_neg.wav,618.9291069424798,1044.8887016937024,3.533331e-05,"[-365.0765075683594, 201.8665008544922, 4.290149211883545, 18.207948684692383]",0.04848287254571915,5.687599225442807,"[6.3499960e-05 7.7761018e-05 8.9756919e-05 ... 1.2592474e-04 1.1167766e-04
 9.4731113e-05]",6.212340394995408e-06,0.11175324767827988,1.0,0.9450283050537109,92.87981859410431
Come as You Are,Nirvana,https://www.youtube.com/watch?v=vabnZ9-ex7o,0,60s Uk Cln,3.0,8.0,10.0,10.0,5.0,,"{""type"": ""Chorus"", ""settings"": {""level"": 9.5, ""speed"": 3.0, ""depth"": 8.0}}",,,gain_pos_tilt_hi,data/audio_stems_augmented\031_nirvana_come_as_you_are_aug_gain_pos_tilt_hi.wav,642.4676415345516,1089.7739236628931,3.9498766e-05,"[-336.3822326660156, 202.6083526611328, -0.20901180803775787, 17.897022247314453]",0.06240742653608322,5.55697006095782,"[7.31319597e-05 8.95108606e-05 1.03245984e-04 ... 1.37416821e-04
 1.22358688e-04 1.03400023e-04]",7.107966666808352e-06,0.14141227304935455,1.0,0.9462525844573975,92.87981859410431
Come as You Are,Nirvana,https://www.youtube.com/watch?v=vabnZ9-ex7o,0,60s Uk Cln,3.0,8.0,10.0,10.0,5.0,,"{""type"": ""Chorus"", ""settings"": {""level"": 9.5, ""speed"": 3.0, ""depth"": 8.0}}",,,pitch_pos,data/audio_stems_augmented\031_nirvana_come_as_you_are_aug_pitch_pos.wav,666.4603841044996,1139.1307766154662,4.332954e-05,"[-366.39178466796875, 189.60134887695312, 4.747340679168701, 16.81095314025879]",0.041419096291065216,6.057820956777334,"[8.1852260e-05 9.6589836e-05 1.0803914e-04 ... 1.5675691e-04 1.3639710e-04
 1.1284631e-04]",7.152660145948175e-06,0.11001463234424591,1.0,0.9406580924987793,92.87981859410431
Come as You Are,Nirvana,https://www.youtube.com/watch?v=vabnZ9-ex7o,0,60s Uk Cln,3.0,8.0,10.0,10.0,5.0,,"{""type"": ""Chorus"", ""settings"": {""level"": 9.5, ""speed"": 3.0, ""depth"": 8.0}}",,,pitch_neg_tilt_lo,data/audio_stems_augmented\031_nirvana_come_as_you_are_aug_pitch_neg_tilt_lo.wav,587.6140340652387,995.7493247520116,2.1092475e-05,"[-382.81103515625, 194.20587158203125, 11.999970436096191, 14.657110214233398]",0.040083855390548706,5.883514894894864,"[7.83000869e-05 9.57125158e-05 1.10509005e-04 ... 9.05563866e-05
 7.61597184e-05 5.83419569e-05]",3.585012109397212e-06,0.09973379969596863,1.0,0.9394567608833313,92.87981859410431
Paperback Writer,The Beatles,https://www.youtube.com/watch?v=yYvkICbTZIQ,80,70s Uk Cln,7.0,6.0,6.0,6.0,4.5,"{""type"": ""Compressor"", ""settings"": {""type"": ""mid""}}",,"{""type"": ""Echo"", ""settings"": {""level"": 2.0, ""time"": 145, ""feedback"": 2.5, ""wow"": 8.0}}",,none,data/audio_stems_augmented\032_the_beatles_paperback_writer_orig.wav,1367.3955430853875,2595.591296684451,0.0005220104,"[-150.16050720214844, 177.0087127685547, -80.59687042236328, 41.80067443847656]",0.13659152388572693,5.13197025422633,[0.08198039 0.10173231 0.11811349 ... 0.14859837 0.1321381  0.10832053],0.00010171731992159039,0.2006513476371765,1.0,0.9824889898300171,92.87981859410431
Paperback Writer,The Beatles,https://www.youtube.com/watch?v=yYvkICbTZIQ,80,70s Uk Cln,7.0,6.0,6.0,6.0,4.5,"{""type"": ""Compressor"", ""settings"": {""type"": ""mid""}}",,"{""type"": ""Echo"", ""settings"": {""level"": 2.0, ""time"": 145, ""feedback"": 2.5, ""wow"": 8.0}}",,gain_neg,data/audio_stems_augmented\032_the_beatles_paperback_writer_aug_gain_neg.wav,1367.409074961272,2595.580792682927,0.00052655954,"[-167.1307830810547, 177.009521484375, -80.59624481201172, 41.80139923095703]",0.11492745578289032,5.132003457316808,[0.06897758 0.08559686 0.09938002 ... 0.12503001 0.11118032 0.0911402 ],0.00010260309500154108,0.16882753372192383,1.0,0.9824891090393066,92.87981859410431
Paperback Writer,The Beatles,https://www.youtube.com/watch?v=yYvkICbTZIQ,80,70s Uk Cln,7.0,6.0,6.0,6.0,4.5,"{""type"": ""Compressor"", ""settings"": {""type"": ""mid""}}",,"{""type"": ""Echo"", ""settings"": {""level"": 2.0, ""time"": 145, ""feedback"": 2.5, ""wow"": 8.0}}",,gain_pos_tilt_hi,data/audio_stems_augmented\032_the_beatles_paperback_writer_aug_gain_pos_tilt_hi.wav,1408.5947269266364,2633.7562962582238,0.00057644694,"[-136.5907440185547, 176.36590576171875, -84.46051025390625, 41.43487548828125]",0.15047279000282288,5.521500218991882,[0.09290502 0.1157001  0.13450949 ... 0.17444801 0.15500186 0.1269137 ],0.00010440040205139667,0.2141033113002777,1.0,0.9811667203903198,92.87981859410431
Paperback Writer,The Beatles,https://www.youtube.com/watch?v=yYvkICbTZIQ,80,70s Uk Cln,7.0,6.0,6.0,6.0,4.5,"{""type"": ""Compressor"", ""settings"": {""type"": ""mid""}}",,"{""type"": ""Echo"", ""settings"": {""level"": 2.0, ""time"": 145, ""feedback"": 2.5, ""wow"": 8.0}}",,pitch_pos,data/audio_stems_augmented\032_the_beatles_paperback_writer_aug_pitch_pos.wav,1472.518376663553,2781.567763167904,0.0006830537,"[-181.48666381835938, 165.9684600830078, -79.53498840332031, 45.00420379638672]",0.09176595509052277,5.941098652181718,[0.08568957 0.09932836 0.11127015 ... 0.0933108  0.08209716 0.06561414],0.00011497092054923996,0.1515209823846817,1.0,0.9783825278282166,92.87981859410431
Paperback Writer,The Beatles,https://www.youtube.com/watch?v=yYvkICbTZIQ,80,70s Uk Cln,7.0,6.0,6.0,6.0,4.5,"{""type"": ""Compressor"", ""settings"": {""type"": ""mid""}}",,"{""type"": ""Echo"", ""settings"": {""level"": 2.0, ""time"": 145, ""feedback"": 2.5, ""wow"": 8.0}}",,pitch_neg_tilt_lo,data/audio_stems_augmented\032_the_beatles_paperback_writer_aug_pitch_neg_tilt_lo.wav,1265.1361516973243,2418.233172346182,0.00021799095,"[-196.92161560058594, 187.18170166015625, -79.47521209716797, 38.98320770263672]",0.09394791722297668,5.885299126507925,[0.08092967 0.1009194  0.11764883 ... 0.10080519 0.08461811 0.0645206 ],3.703990296344273e-05,0.1657913625240326,1.0,0.9808415174484253,92.87981859410431
Chamber of Reflection,Mac DeMarco,https://www.youtube.com/watch?v=jja0UmQZ6vY,42,Twin Clean,5.0,6.5,5.4,4.4,8.2,"{""type"": ""Sustain"", ""settings"": {""sense"": 5.0, ""level"": 5.0}}","{""type"": ""Chorus"", ""settings"": {""level"": 10.0, ""speed"": 4.5, ""depth"": 3.0}}","{""type"": ""Delay"", ""settings"": {""level"": 4.0, ""time"": 180, ""feedback"": 5.5, ""tone"": 5.5}}","{""type"": ""Spring 65"", ""settings"": {""level"": 5.5, ""decay"": 5.9, ""tone"": 1.0}}",none,data/audio_stems_augmented\033_mac_demarco_chamber_of_reflection_orig.wav,1301.1461561625742,2571.9873046875,0.00012705915,"[-263.8749694824219, 187.0128631591797, -72.43732452392578, 63.450435638427734]",0.06990201026201248,7.533893658215159,[0.12052238 0.14449169 0.16159302 ... 0.08330654 0.07172351 0.05828171],1.686500218056608e-05,0.39329248666763306,1.0,0.9389086365699768,92.87981859410431
Chamber of Reflection,Mac DeMarco,https://www.youtube.com/watch?v=jja0UmQZ6vY,42,Twin Clean,5.0,6.5,5.4,4.4,8.2,"{""type"": ""Sustain"", ""settings"": {""sense"": 5.0, ""level"": 5.0}}","{""type"": ""Chorus"", ""settings"": {""level"": 10.0, ""speed"": 4.5, ""depth"": 3.0}}","{""type"": ""Delay"", ""settings"": {""level"": 4.0, ""time"": 180, ""feedback"": 5.5, ""tone"": 5.5}}","{""type"": ""Spring 65"", ""settings"": {""level"": 5.5, ""decay"": 5.9, ""tone"": 1.0}}",gain_neg,data/audio_stems_augmented\033_mac_demarco_chamber_of_reflection_aug_gain_neg.wav,1301.2624178231304,2572.047119140625,0.00012895215,"[-280.84417724609375, 187.00918579101562, -72.43759155273438, 63.44969177246094]",0.05881519615650177,7.533898200351678,[0.10140692 0.12157455 0.13596356 ... 0.0700938  0.06034801 0.04903806],1.7116255548899062e-05,0.3309135437011719,1.0,0.9389084577560425,92.87981859410431
Chamber of Reflection,Mac DeMarco,https://www.youtube.com/watch?v=jja0UmQZ6vY,42,Twin Clean,5.0,6.5,5.4,4.4,8.2,"{""type"": ""Sustain"", ""settings"": {""sense"": 5.0, ""level"": 5.0}}","{""type"": ""Chorus"", ""settings"": {""level"": 10.0, ""speed"": 4.5, ""depth"": 3.0}}","{""type"": ""Delay"", ""settings"": {""level"": 4.0, ""time"": 180, ""feedback"": 5.5, ""tone"": 5.5}}","{""type"": ""Spring 65"", ""settings"": {""level"": 5.5, ""decay"": 5.9, ""tone"": 1.0}}",gain_pos_tilt_hi,data/audio_stems_augmented\033_mac_demarco_chamber_of_reflection_aug_gain_pos_tilt_hi.wav,1333.2696399330823,2598.168537440334,0.00013505259,"[-249.656005859375, 186.22378540039062, -75.99236297607422, 62.64807891845703]",0.07942958921194077,7.955719534551528,[0.1389449  0.16671064 0.18612547 ... 0.09530925 0.08212627 0.0667183 ],1.697553125268314e-05,0.4571000933647156,1.0,0.9367110729217529,92.87981859410431
Chamber of Reflection,Mac DeMarco,https://www.youtube.com/watch?v=jja0UmQZ6vY,42,Twin Clean,5.0,6.5,5.4,4.4,8.2,"{""type"": ""Sustain"", ""settings"": {""sense"": 5.0, ""level"": 5.0}}","{""type"": ""Chorus"", ""settings"": {""level"": 10.0, ""speed"": 4.5, ""depth"": 3.0}}","{""type"": ""Delay"", ""settings"": {""level"": 4.0, ""time"": 180, ""feedback"": 5.5, ""tone"": 5.5}}","{""type"": ""Spring 65"", ""settings"": {""level"": 5.5, ""decay"": 5.9, ""tone"": 1.0}}",pitch_pos,data/audio_stems_augmented\033_mac_demarco_chamber_of_reflection_aug_pitch_pos.wav,1410.5457645345587,2761.4416622421118,0.00016784188,"[-287.00982666015625, 166.9775848388672, -66.6793441772461, 64.02935028076172]",0.047920919954776764,9.821655890791563,[0.125141   0.1444206  0.15890537 ... 0.04756169 0.04088752 0.03201991],1.7088956155930646e-05,0.24160076677799225,1.0,0.9347936511039734,92.87981859410431
Chamber of Reflection,Mac DeMarco,https://www.youtube.com/watch?v=jja0UmQZ6vY,42,Twin Clean,5.0,6.5,5.4,4.4,8.2,"{""type"": ""Sustain"", ""settings"": {""sense"": 5.0, ""level"": 5.0}}","{""type"": ""Chorus"", ""settings"": {""level"": 10.0, ""speed"": 4.5, ""depth"": 3.0}}","{""type"": ""Delay"", ""settings"": {""level"": 4.0, ""time"": 180, ""feedback"": 5.5, ""tone"": 5.5}}","{""type"": ""Spring 65"", ""settings"": {""level"": 5.5, ""decay"": 5.9, ""tone"": 1.0}}",pitch_neg_tilt_lo,data/audio_stems_augmented\033_mac_demarco_chamber_of_reflection_aug_pitch_neg_tilt_lo.wav,1220.7632625720835,2419.9673560357865,7.462193e-05,"[-302.0831604003906, 186.97439575195312, -66.95035552978516, 52.89354705810547]",0.04914483800530434,9.070977306397431,[0.11603358 0.14359625 0.1613183  ... 0.05477062 0.04678308 0.03665331],8.226447789638769e-06,0.26394328474998474,1.0,0.9332368969917297,92.87981859410431
Jockey Full of Bourbon,Tom Waits,https://www.youtube.com/watch?v=ipQgbKEK4s0,80,50s Twin,4.0,9.0,5.0,5.5,7.5,,"{""type"": ""Tremolo"", ""settings"": {""level"": 7.0, ""speed"": 3.0}}",,"{""type"": ""Spring 65"", ""settings"": {""level"": 2.5, ""decay"": 5.0, ""tone"": 5.0}}",none,data/audio_stems_augmented\034_tom_waits_jockey_full_of_bourbon_orig.wav,1096.4712630629954,1885.773595511439,0.00011312047,"[-240.53111267089844, 198.70416259765625, -71.1670150756836, 3.72769832611084]",0.0883370116353035,5.462126878363456,"[4.8926373e-05 5.8478203e-05 6.6473905e-05 ... 2.0997191e-02 1.4441084e-02
 9.0572182e-03]",2.0709963791887276e-05,0.28634417057037354,1.0,0.9528325796127319,92.87981859410431
Jockey Full of Bourbon,Tom Waits,https://www.youtube.com/watch?v=ipQgbKEK4s0,80,50s Twin,4.0,9.0,5.0,5.5,7.5,,"{""type"": ""Tremolo"", ""settings"": {""level"": 7.0, ""speed"": 3.0}}",,"{""type"": ""Spring 65"", ""settings"": {""level"": 2.5, ""decay"": 5.0, ""tone"": 5.0}}",gain_neg,data/audio_stems_augmented\034_tom_waits_jockey_full_of_bourbon_aug_gain_neg.wav,1096.5871017649943,1885.8307127611074,0.0001145952,"[-257.5008239746094, 198.70257568359375, -71.16641998291016, 3.727612018585205]",0.07432632893323898,5.461992885033219,"[4.3010605e-05 5.1379066e-05 5.8478203e-05 ... 1.7666847e-02 1.2150109e-02
 7.6204981e-03]",2.098047116305679e-05,0.24092909693717957,1.0,0.9528326988220215,92.87981859410431
Jockey Full of Bourbon,Tom Waits,https://www.youtube.com/watch?v=ipQgbKEK4s0,80,50s Twin,4.0,9.0,5.0,5.5,7.5,,"{""type"": ""Tremolo"", ""settings"": {""level"": 7.0, ""speed"": 3.0}}",,"{""type"": ""Spring 65"", ""settings"": {""level"": 2.5, ""decay"": 5.0, ""tone"": 5.0}}",gain_pos_tilt_hi,data/audio_stems_augmented\034_tom_waits_jockey_full_of_bourbon_aug_gain_pos_tilt_hi.wav,1112.6888478086405,1906.411961724967,0.0001147625,"[-226.09742736816406, 197.18260192871094, -74.03639221191406, 2.2874088287353516]",0.10279792547225952,5.565360089914177,"[4.8129856e-05 5.6552966e-05 6.3600142e-05 ... 2.4155859e-02 1.6652348e-02
 1.0504368e-02]",2.062085513898637e-05,0.3481483459472656,1.0,0.9525146484375,92.87981859410431
Jockey Full of Bourbon,Tom Waits,https://www.youtube.com/watch?v=ipQgbKEK4s0,80,50s Twin,4.0,9.0,5.0,5.5,7.5,,"{""type"": ""Tremolo"", ""settings"": {""level"": 7.0, ""speed"": 3.0}}",,"{""type"": ""Spring 65"", ""settings"": {""level"": 2.5, ""decay"": 5.0, ""tone"": 5.0}}",pitch_pos,data/audio_stems_augmented\034_tom_waits_jockey_full_of_bourbon_aug_pitch_pos.wav,1173.4789051384255,2022.1443380264038,0.00015327428,"[-263.1965026855469, 181.060302734375, -69.6873550415039, 2.117844581604004]",0.060002271085977554,6.568041987936721,"[5.0553735e-05 5.8345853e-05 6.5474451e-05 ... 1.1569674e-02 8.7003363e-03
 6.0732197e-03]",2.3336369849857874e-05,0.19550886750221252,1.0,0.9513574242591858,92.87981859410431
Jockey Full of Bourbon,Tom Waits,https://www.youtube.com/watch?v=ipQgbKEK4s0,80,50s Twin,4.0,9.0,5.0,5.5,7.5,,"{""type"": ""Tremolo"", ""settings"": {""level"": 7.0, ""speed"": 3.0}}",,"{""type"": ""Spring 65"", ""settings"": {""level"": 2.5, ""decay"": 5.0, ""tone"": 5.0}}",pitch_neg_tilt_lo,data/audio_stems_augmented\034_tom_waits_jockey_full_of_bourbon_aug_pitch_neg_tilt_lo.wav,1034.9502602104815,1782.7625591697386,6.0527716e-05,"[-282.6288146972656, 203.76426696777344, -64.99784851074219, -1.2085953950881958]",0.058231011033058167,6.351713435845862,"[4.8515692e-05 5.8668415e-05 6.6460219e-05 ... 1.3306437e-02 8.9615956e-03
 5.5354261e-03]",9.52935079112649e-06,0.18696285784244537,1.0,0.9518292546272278,92.87981859410431
Sultans of Swing,Dire Straits,https://www.youtube.com/watch?v=h0ffIJ7ZO4U,0,Twin Clean,4.0,8.0,7.5,7.5,3.0,"{""type"": ""Compressor"", ""settings"": {""type"": ""mid""}}","{""type"": ""Chorus"", ""settings"": {""level"": 4.5, ""speed"": 5, ""depth"": 5}}",,"{""type"": ""Spring 65"", ""settings"": {""level"": 2.5, ""decay"": 5, ""tone"": 5.5}}",none,data/audio_stems_augmented\035_dire_straits_sultans_of_swing_orig.wav,1670.8958309882248,3345.9614701704545,0.0012920988,"[-253.5986785888672, 142.9125213623047, -59.556880950927734, 62.378509521484375]",0.04560396075248718,9.130187353900782,"[2.7934682e-05 3.5124485e-05 4.0746567e-05 ... 1.2021134e-02 9.3477350e-03
 6.4928895e-03]",0.0001415194128639996,0.17851722240447998,1.0,0.9316149950027466,92.87981859410431
Sultans of Swing,Dire Straits,https://www.youtube.com/watch?v=h0ffIJ7ZO4U,0,Twin Clean,4.0,8.0,7.5,7.5,3.0,"{""type"": ""Compressor"", ""settings"": {""type"": ""mid""}}","{""type"": ""Chorus"", ""settings"": {""level"": 4.5, ""speed"": 5, ""depth"": 5}}",,"{""type"": ""Spring 65"", ""settings"": {""level"": 2.5, ""decay"": 5, ""tone"": 5.5}}",gain_neg,data/audio_stems_augmented\035_dire_straits_sultans_of_swing_aug_gain_neg.wav,1671.0082660101195,3346.036044034091,0.0013053621,"[-270.56475830078125, 142.90782165527344, -59.55225372314453, 62.37578582763672]",0.038370925933122635,9.130159311930315,"[2.4923580e-05 3.1100604e-05 3.6139099e-05 ... 1.0114293e-02 7.8647891e-03
 5.4629203e-03]",0.00014297252346295863,0.15020295977592468,1.0,0.9316147565841675,92.87981859410431
Sultans of Swing,Dire Straits,https://www.youtube.com/watch?v=h0ffIJ7ZO4U,0,Twin Clean,4.0,8.0,7.5,7.5,3.0,"{""type"": ""Compressor"", ""settings"": {""type"": ""mid""}}","{""type"": ""Chorus"", ""settings"": {""level"": 4.5, ""speed"": 5, ""depth"": 5}}",,"{""type"": ""Spring 65"", ""settings"": {""level"": 2.5, ""decay"": 5, ""tone"": 5.5}}",gain_pos_tilt_hi,data/audio_stems_augmented\035_dire_straits_sultans_of_swing_aug_gain_pos_tilt_hi.wav,1713.5711289813048,3387.1974285283145,0.0013799054,"[-237.44534301757812, 140.74269104003906, -62.273101806640625, 60.9913444519043]",0.0525771901011467,8.930964981982784,"[2.89499458e-05 3.63398722e-05 4.24090285e-05 ... 1.38036655e-02
 1.07417358e-02 7.49581354e-03]",0.0001545079576317221,0.20737580955028534,1.0,0.9303167462348938,92.87981859410431
Sultans of Swing,Dire Straits,https://www.youtube.com/watch?v=h0ffIJ7ZO4U,0,Twin Clean,4.0,8.0,7.5,7.5,3.0,"{""type"": ""Compressor"", ""settings"": {""type"": ""mid""}}","{""type"": ""Chorus"", ""settings"": {""level"": 4.5, ""speed"": 5, ""depth"": 5}}",,"{""type"": ""Spring 65"", ""settings"": {""level"": 2.5, ""decay"": 5, ""tone"": 5.5}}",pitch_pos,data/audio_stems_augmented\035_dire_straits_sultans_of_swing_aug_pitch_pos.wav,1816.2465084690002,3620.107326666957,0.0015521302,"[-277.4207763671875, 129.1292724609375, -54.569358825683594, 61.2509651184082]",0.032418616116046906,10.17672559503473,"[2.8800332e-05 3.4994780e-05 3.9877956e-05 ... 9.0808552e-03 6.9776792e-03
 4.8306547e-03]",0.00015251763397827744,0.12969791889190674,1.0,0.9307575225830078,92.87981859410431
Sultans of Swing,Dire Straits,https://www.youtube.com/watch?v=h0ffIJ7ZO4U,0,Twin Clean,4.0,8.0,7.5,7.5,3.0,"{""type"": ""Compressor"", ""settings"": {""type"": ""mid""}}","{""type"": ""Chorus"", ""settings"": {""level"": 4.5, ""speed"": 5, ""depth"": 5}}",,"{""type"": ""Spring 65"", ""settings"": {""level"": 2.5, ""decay"": 5, ""tone"": 5.5}}",pitch_neg_tilt_lo,data/audio_stems_augmented\035_dire_straits_sultans_of_swing_aug_pitch_neg_tilt_lo.wav,1559.2065910760134,3141.1298733313106,0.0005544242,"[-295.9822082519531, 149.6815643310547, -61.02790069580078, 59.23385238647461]",0.03149314969778061,9.906973890201183,"[2.7861330e-05 3.4818910e-05 3.7721406e-05 ... 7.2415001e-03 5.6344899e-03
 4.2636525e-03]",5.59630170755554e-05,0.1084824874997139,1.0,0.9333178997039795,92.87981859410431
Enter Sandman,Metallica,https://www.youtube.com/watch?v=CD-E-LDc384,35,90s Rock,9.0,7.0,9.0,1.5,5.0,,,,"{""type"": ""Small Room"", ""settings"": {""level"": 5.5, ""decay"": 5.5, ""tone"": 5.5}}",none,data/audio_stems_augmented\036_metallica_enter_sandman_orig.wav,1987.4863432846807,3746.2777334686775,0.0018349108,"[-157.3110809326172, 129.02984619140625, -77.93132019042969, 84.39832305908203]",0.09520892798900604,5.565351431056226,[0.04270383 0.0569715  0.07009114 ... 0.08641155 0.08013853 0.06559756],0.00032970253960229456,0.39031118154525757,0.0,0.9320701956748962,92.87981859410431
Enter Sandman,Metallica,https://www.youtube.com/watch?v=CD-E-LDc384,35,90s Rock,9.0,7.0,9.0,1.5,5.0,,,,"{""type"": ""Small Room"", ""settings"": {""level"": 5.5, ""decay"": 5.5, ""tone"": 5.5}}",gain_neg,data/audio_stems_augmented\036_metallica_enter_sandman_aug_gain_neg.wav,1987.509958488971,3746.2943871447214,0.0018544621,"[-174.28167724609375, 129.02976989746094, -77.93138885498047, 84.39832305908203]",0.08010834455490112,5.565284565804737,[0.03593029 0.04793528 0.05897437 ... 0.07270607 0.06742804 0.05519325],0.0003332195628900081,0.32840609550476074,0.0,0.9320701956748962,92.87981859410431
Enter Sandman,Metallica,https://www.youtube.com/watch?v=CD-E-LDc384,35,90s Rock,9.0,7.0,9.0,1.5,5.0,,,,"{""type"": ""Small Room"", ""settings"": {""level"": 5.5, ""decay"": 5.5, ""tone"": 5.5}}",gain_pos_tilt_hi,data/audio_stems_augmented\036_metallica_enter_sandman_aug_gain_pos_tilt_hi.wav,2040.787525850713,3784.872627700841,0.002014832,"[-143.4255828857422, 128.33395385742188, -81.6680679321289, 83.99702453613281]",0.10357958823442459,5.533378836085242,[0.04953042 0.06624306 0.0817711  ... 0.09561513 0.08790999 0.07173561],0.00036412320332601666,0.3973280191421509,0.0,0.9408291578292847,92.87981859410431
Enter Sandman,Metallica,https://www.youtube.com/watch?v=CD-E-LDc384,35,90s Rock,9.0,7.0,9.0,1.5,5.0,,,,"{""type"": ""Small Room"", ""settings"": {""level"": 5.5, ""decay"": 5.5, ""tone"": 5.5}}",pitch_pos,data/audio_stems_augmented\036_metallica_enter_sandman_aug_pitch_pos.wav,2144.9208232812753,4016.916622861079,0.0027121368,"[-188.15377807617188, 113.04415893554688, -68.77580261230469, 82.7516098022461]",0.061567679047584534,5.875143971110035,[0.0426794  0.0532434  0.06432924 ... 0.05641868 0.04619369 0.03910013],0.00046162892249412835,0.2130681872367859,0.0,0.932007372379303,92.87981859410431
Enter Sandman,Metallica,https://www.youtube.com/watch?v=CD-E-LDc384,35,90s Rock,9.0,7.0,9.0,1.5,5.0,,,,"{""type"": ""Small Room"", ""settings"": {""level"": 5.5, ""decay"": 5.5, ""tone"": 5.5}}",pitch_neg_tilt_lo,data/audio_stems_augmented\036_metallica_enter_sandman_aug_pitch_neg_tilt_lo.wav,1834.2005940630947,3491.63062054178,0.0007580664,"[-198.5904998779297, 132.85104370117188, -77.03382873535156, 74.83065795898438]",0.06548527628183365,5.8736513438648945,[0.04164731 0.05431873 0.06701438 ... 0.05930026 0.04903394 0.03994823],0.00012906218762509525,0.24400478601455688,1.0,0.9163506031036377,92.87981859410431
Moonage Daydream,David Bowie,https://www.youtube.com/watch?v=RPUAldgS7Sg,87,70s Rock,7.0,9.5,4.5,5.5,7.0,,,,"{""type"": ""Large Hall"", ""settings"": {""level"": 4.0, ""decay"": 3.0, ""tone"": 7.0}}",none,data/audio_stems_augmented\037_david_bowie_moonage_daydream_orig.wav,1973.4553463060568,3888.7242928108876,0.006167515,"[-194.10302734375, 121.448486328125, -48.4915657043457, 71.08087921142578]",0.055782295763492584,8.15741704024023,[0.02627175 0.02877334 0.03222993 ... 0.05959496 0.05277887 0.03634318],0.0007560621597804129,0.184342160820961,1.0,0.9626284837722778,92.87981859410431
Moonage Daydream,David Bowie,https://www.youtube.com/watch?v=RPUAldgS7Sg,87,70s Rock,7.0,9.5,4.5,5.5,7.0,,,,"{""type"": ""Large Hall"", ""settings"": {""level"": 4.0, ""decay"": 3.0, ""tone"": 7.0}}",gain_neg,data/audio_stems_augmented\037_david_bowie_moonage_daydream_aug_gain_neg.wav,1973.5078675068685,3888.7428080328355,0.0062113185,"[-211.07162475585938, 121.44544982910156, -48.48947525024414, 71.07838439941406]",0.04693495109677315,8.15736181348145,[0.02210477 0.02420962 0.02711803 ... 0.05014262 0.04440778 0.03057886],0.0007614370551891625,0.15510502457618713,1.0,0.9626286029815674,92.87981859410431
Moonage Daydream,David Bowie,https://www.youtube.com/watch?v=RPUAldgS7Sg,87,70s Rock,7.0,9.5,4.5,5.5,7.0,,,,"{""type"": ""Large Hall"", ""settings"": {""level"": 4.0, ""decay"": 3.0, ""tone"": 7.0}}",gain_pos_tilt_hi,data/audio_stems_augmented\037_david_bowie_moonage_daydream_aug_gain_pos_tilt_hi.wav,2026.999813162392,3934.11066114288,0.0067233797,"[-179.4965362548828, 119.58028411865234, -51.15475845336914, 69.69723510742188]",0.061875227838754654,8.59851150619136,[0.02883068 0.03152743 0.03520212 ... 0.06103313 0.05393615 0.03675444],0.0007819235906936228,0.20326857268810272,1.0,0.9628443121910095,92.87981859410431
Moonage Daydream,David Bowie,https://www.youtube.com/watch?v=RPUAldgS7Sg,87,70s Rock,7.0,9.5,4.5,5.5,7.0,,,,"{""type"": ""Large Hall"", ""settings"": {""level"": 4.0, ""decay"": 3.0, ""tone"": 7.0}}",pitch_pos,data/audio_stems_augmented\037_david_bowie_moonage_daydream_aug_pitch_pos.wav,2101.299269735525,4162.322348736702,0.0071204547,"[-227.82420349121094, 109.16059875488281, -40.86393737792969, 67.8080825805664]",0.038705650717020035,7.544509784973908,[0.02616452 0.02860437 0.03285262 ... 0.05098771 0.04220772 0.03227776],0.0009437927510589361,0.12010884284973145,1.0,0.961499035358429,92.87981859410431
Moonage Daydream,David Bowie,https://www.youtube.com/watch?v=RPUAldgS7Sg,87,70s Rock,7.0,9.5,4.5,5.5,7.0,,,,"{""type"": ""Large Hall"", ""settings"": {""level"": 4.0, ""decay"": 3.0, ""tone"": 7.0}}",pitch_neg_tilt_lo,data/audio_stems_augmented\037_david_bowie_moonage_daydream_aug_pitch_neg_tilt_lo.wav,1796.7712623802454,3588.2382107764174,0.002221105,"[-240.2869110107422, 133.89060974121094, -54.64235305786133, 73.80534362792969]",0.03944167122244835,7.4199734741135845,[0.02647015 0.02867042 0.03185929 ... 0.04008659 0.03244956 0.02210544],0.00029934130725450814,0.13087479770183563,1.0,0.9631025791168213,92.87981859410431
Are You Looking Up,mk.gee,https://www.youtube.com/watch?v=DxdKr5PmlPw,60,Super Clean,5.5,10.0,10.0,9.1,9.1,"{""type"": ""Octobot"", ""settings"": {""direct"": 1.0, ""down"": 7.0, ""sizzle"": 5.0}}","{""type"": ""Chorus"", ""settings"": {""level"": 10.0, ""speed"": 3.2, ""depth"": 3.7}}","{""type"": ""Echo"", ""settings"": {""level"": 1.5, ""time"": 290, ""feedback"": 4.4, ""wow"": 6.8}}","{""type"": ""Plate"", ""settings"": {""level"": 9, ""decay"": 2.7, ""tone"": 4.0}}",none,data/audio_stems_augmented\038_mkgee_are_you_looking_up_orig.wav,819.7536443359197,1284.0998733401696,0.00051514595,"[-255.12953186035156, 196.1422882080078, -4.05994987487793, -22.85476303100586]",0.12364891916513443,6.383151144585844,[0.00851531 0.02100381 0.03537444 ... 0.01678839 0.01357945 0.01070474],8.070400508586317e-05,0.4682709872722626,1.0,0.9228857159614563,92.87981859410431
Are You Looking Up,mk.gee,https://www.youtube.com/watch?v=DxdKr5PmlPw,60,Super Clean,5.5,10.0,10.0,9.1,9.1,"{""type"": ""Octobot"", ""settings"": {""direct"": 1.0, ""down"": 7.0, ""sizzle"": 5.0}}","{""type"": ""Chorus"", ""settings"": {""level"": 10.0, ""speed"": 3.2, ""depth"": 3.7}}","{""type"": ""Echo"", ""settings"": {""level"": 1.5, ""time"": 290, ""feedback"": 4.4, ""wow"": 6.8}}","{""type"": ""Plate"", ""settings"": {""level"": 9, ""decay"": 2.7, ""tone"": 4.0}}",gain_neg,data/audio_stems_augmented\038_mkgee_are_you_looking_up_aug_gain_neg.wav,819.822949015515,1284.123825735192,0.0005173059,"[-272.1007385253906, 196.1422119140625, -4.059164524078369, -22.85540008544922]",0.1040375605225563,6.38314307928304,[0.00716499 0.01767271 0.02976418 ... 0.01412528 0.01142529 0.00900678],8.104249718599021e-05,0.3940005302429199,1.0,0.9228856563568115,92.87981859410431
Are You Looking Up,mk.gee,https://www.youtube.com/watch?v=DxdKr5PmlPw,60,Super Clean,5.5,10.0,10.0,9.1,9.1,"{""type"": ""Octobot"", ""settings"": {""direct"": 1.0, ""down"": 7.0, ""sizzle"": 5.0}}","{""type"": ""Chorus"", ""settings"": {""level"": 10.0, ""speed"": 3.2, ""depth"": 3.7}}","{""type"": ""Echo"", ""settings"": {""level"": 1.5, ""time"": 290, ""feedback"": 4.4, ""wow"": 6.8}}","{""type"": ""Plate"", ""settings"": {""level"": 9, ""decay"": 2.7, ""tone"": 4.0}}",gain_pos_tilt_hi,data/audio_stems_augmented\038_mkgee_are_you_looking_up_aug_gain_pos_tilt_hi.wav,839.272340367332,1309.8522211881293,0.0005363261,"[-239.62615966796875, 194.3951873779297, -6.850725173950195, -24.683908462524414]",0.1409551054239273,6.607705863990872,[0.00990131 0.02301318 0.03856681 ... 0.01958774 0.01579344 0.01234564],8.116674871416762e-05,0.5366557240486145,1.0,0.922183096408844,92.87981859410431
Are You Looking Up,mk.gee,https://www.youtube.com/watch?v=DxdKr5PmlPw,60,Super Clean,5.5,10.0,10.0,9.1,9.1,"{""type"": ""Octobot"", ""settings"": {""direct"": 1.0, ""down"": 7.0, ""sizzle"": 5.0}}","{""type"": ""Chorus"", ""settings"": {""level"": 10.0, ""speed"": 3.2, ""depth"": 3.7}}","{""type"": ""Echo"", ""settings"": {""level"": 1.5, ""time"": 290, ""feedback"": 4.4, ""wow"": 6.8}}","{""type"": ""Plate"", ""settings"": {""level"": 9, ""decay"": 2.7, ""tone"": 4.0}}",pitch_pos,data/audio_stems_augmented\038_mkgee_are_you_looking_up_aug_pitch_pos.wav,881.1265138344638,1399.44287109375,0.00057720527,"[-286.1824035644531, 193.53121948242188, -14.118063926696777, -22.589256286621094]",0.08035547286272049,6.931698419479911,[0.00871334 0.01166737 0.01974308 ... 0.01296103 0.00907353 0.00601164],8.327038813149557e-05,0.29909563064575195,1.0,0.9223231673240662,92.87981859410431
Are You Looking Up,mk.gee,https://www.youtube.com/watch?v=DxdKr5PmlPw,60,Super Clean,5.5,10.0,10.0,9.1,9.1,"{""type"": ""Octobot"", ""settings"": {""direct"": 1.0, ""down"": 7.0, ""sizzle"": 5.0}}","{""type"": ""Chorus"", ""settings"": {""level"": 10.0, ""speed"": 3.2, ""depth"": 3.7}}","{""type"": ""Echo"", ""settings"": {""level"": 1.5, ""time"": 290, ""feedback"": 4.4, ""wow"": 6.8}}","{""type"": ""Plate"", ""settings"": {""level"": 9, ""decay"": 2.7, ""tone"": 4.0}}",pitch_neg_tilt_lo,data/audio_stems_augmented\038_mkgee_are_you_looking_up_aug_pitch_neg_tilt_lo.wav,745.4179628949882,1169.2653050915949,0.00016634606,"[-287.7484436035156, 194.2499237060547, 5.105810165405273, -22.354469299316406]",0.09227094799280167,5.726017945555271,[0.0084433  0.01878996 0.03274444 ... 0.01146187 0.00727726 0.00549217],2.905090877902694e-05,0.40074464678764343,1.0,0.9241016507148743,92.87981859410431
Last Nite,The Strokes,https://www.youtube.com/watch?v=TOypSnKFHrE,95,Burn,1.8,5.0,8.7,6.6,4.2,"{""type"": ""5 Band EQ"", ""settings"": {""low"": 0.0, ""low_mid"": 0.0, ""mid"": 12.0, ""high_mid"": 0.0, ""high"": 0.0}}",,,"{""type"": ""Spring 65"", ""settings"": {""level"": 5.5, ""decay"": 4.5, ""tone"": 10.0}}",none,data/audio_stems_augmented\039_the_strokes_last_nite_orig.wav,1475.8846967088327,2545.066721614177,0.00043137843,"[-130.28903198242188, 195.2133331298828, -108.20369720458984, 37.073787689208984]",0.16478945314884186,4.885873230439221,[0.16488531 0.19310947 0.21157794 ... 0.18381286 0.15968877 0.13694708],8.82909371284768e-05,0.3858484923839569,1.0,0.9777060151100159,92.87981859410431
Last Nite,The Strokes,https://www.youtube.com/watch?v=TOypSnKFHrE,95,Burn,1.8,5.0,8.7,6.6,4.2,"{""type"": ""5 Band EQ"", ""settings"": {""low"": 0.0, ""low_mid"": 0.0, ""mid"": 12.0, ""high_mid"": 0.0, ""high"": 0.0}}",,,"{""type"": ""Spring 65"", ""settings"": {""level"": 5.5, ""decay"": 4.5, ""tone"": 10.0}}",gain_neg,data/audio_stems_augmented\039_the_strokes_last_nite_aug_gain_neg.wav,1475.902265777496,2545.0835181844773,0.00043461876,"[-147.25904846191406, 195.212890625, -108.20338439941406, 37.07345199584961]",0.13865303993225098,4.885971711519511,[0.13873352 0.16248134 0.1780207  ... 0.15465912 0.13436124 0.11522648],8.895235805539414e-05,0.32465100288391113,1.0,0.9777057766914368,92.87981859410431
Last Nite,The Strokes,https://www.youtube.com/watch?v=TOypSnKFHrE,95,Burn,1.8,5.0,8.7,6.6,4.2,"{""type"": ""5 Band EQ"", ""settings"": {""low"": 0.0, ""low_mid"": 0.0, ""mid"": 12.0, ""high_mid"": 0.0, ""high"": 0.0}}",,,"{""type"": ""Spring 65"", ""settings"": {""level"": 5.5, ""decay"": 4.5, ""tone"": 10.0}}",gain_pos_tilt_hi,data/audio_stems_augmented\039_the_strokes_last_nite_aug_gain_pos_tilt_hi.wav,1502.8983450118958,2559.302845851251,0.00044656676,"[-114.76765441894531, 192.88784790039062, -110.51995849609375, 35.26274108886719]",0.19092726707458496,4.921249887653219,[0.19132507 0.2241748  0.24530604 ... 0.21312869 0.18516722 0.15876177],9.074253466678783e-05,0.4697146713733673,1.0,0.9769477844238281,92.87981859410431
Last Nite,The Strokes,https://www.youtube.com/watch?v=TOypSnKFHrE,95,Burn,1.8,5.0,8.7,6.6,4.2,"{""type"": ""5 Band EQ"", ""settings"": {""low"": 0.0, ""low_mid"": 0.0, ""mid"": 12.0, ""high_mid"": 0.0, ""high"": 0.0}}",,,"{""type"": ""Spring 65"", ""settings"": {""level"": 5.5, ""decay"": 4.5, ""tone"": 10.0}}",pitch_pos,data/audio_stems_augmented\039_the_strokes_last_nite_aug_pitch_pos.wav,1559.9350340798364,2697.701876280738,0.00050773815,"[-156.86676025390625, 183.09231567382812, -106.50630950927734, 43.15202331542969]",0.11685165017843246,6.680547229741674,[0.16653255 0.18354777 0.19987987 ... 0.12519172 0.10708889 0.08805951],7.600247045047581e-05,0.26050716638565063,1.0,0.9754599928855896,92.87981859410431
Last Nite,The Strokes,https://www.youtube.com/watch?v=TOypSnKFHrE,95,Burn,1.8,5.0,8.7,6.6,4.2,"{""type"": ""5 Band EQ"", ""settings"": {""low"": 0.0, ""low_mid"": 0.0, ""mid"": 12.0, ""high_mid"": 0.0, ""high"": 0.0}}",,,"{""type"": ""Spring 65"", ""settings"": {""level"": 5.5, ""decay"": 4.5, ""tone"": 10.0}}",pitch_neg_tilt_lo,data/audio_stems_augmented\039_the_strokes_last_nite_aug_pitch_neg_tilt_lo.wav,1383.0274095278062,2400.264025812305,0.00020018745,"[-174.67372131347656, 205.4466094970703, -104.43284606933594, 27.343700408935547]",0.11219945549964905,7.484664042619477,[0.16249168 0.19051    0.20864214 ... 0.10701201 0.09048653 0.07314024],2.6746347430162132e-05,0.23523780703544617,1.0,0.9765326380729675,92.87981859410431
Good Times,Chic,https://www.youtube.com/watch?v=Q5C9oeKxJzo,0,Twin Clean,3.0,7.0,6.0,6.0,7.5,"{""type"": ""Compressor"", ""settings"": {""type"": ""mid""}}",,"{""type"": ""Delay"", ""settings"": {""level"": 5.0, ""time"": 483, ""feedback"": 3.0, ""tone"": 5.5}}","{""type"": ""Small Room"", ""settings"": {""level"": 4.0, ""decay"": 4.5, ""tone"": 3.5}}",none,data/audio_stems_augmented\040_chic_good_times_orig.wav,2014.714225669419,3798.5393406577527,0.0026936342,"[-258.56781005859375, 109.39083099365234, -52.10847854614258, 77.02787780761719]",0.041906505823135376,12.105079775275469,[0.00251577 0.0030787  0.00355328 ... 0.02311535 0.0201008  0.01389743],0.0002225209609605372,0.17828631401062012,1.0,0.8255059719085693,92.87981859410431
Good Times,Chic,https://www.youtube.com/watch?v=Q5C9oeKxJzo,0,Twin Clean,3.0,7.0,6.0,6.0,7.5,"{""type"": ""Compressor"", ""settings"": {""type"": ""mid""}}",,"{""type"": ""Delay"", ""settings"": {""level"": 5.0, ""time"": 483, ""feedback"": 3.0, ""tone"": 5.5}}","{""type"": ""Small Room"", ""settings"": {""level"": 4.0, ""decay"": 4.5, ""tone"": 3.5}}",gain_neg,data/audio_stems_augmented\040_chic_good_times_aug_gain_neg.wav,2014.8021248976509,3798.5791677905363,0.002716713,"[-275.53729248046875, 109.39124298095703, -52.1075553894043, 77.02790069580078]",0.035260193049907684,12.105357995976615,[0.00211876 0.00259317 0.00299318 ... 0.01944972 0.01691317 0.0116933 ],0.00022442232875619084,0.1500052958726883,1.0,0.8255178332328796,92.87981859410431
Good Times,Chic,https://www.youtube.com/watch?v=Q5C9oeKxJzo,0,Twin Clean,3.0,7.0,6.0,6.0,7.5,"{""type"": ""Compressor"", ""settings"": {""type"": ""mid""}}",,"{""type"": ""Delay"", ""settings"": {""level"": 5.0, ""time"": 483, ""feedback"": 3.0, ""tone"": 5.5}}","{""type"": ""Small Room"", ""settings"": {""level"": 4.0, ""decay"": 4.5, ""tone"": 3.5}}",gain_pos_tilt_hi,data/audio_stems_augmented\040_chic_good_times_aug_gain_pos_tilt_hi.wav,2044.7854330462162,3819.319325869845,0.0028494443,"[-252.77703857421875, 109.6708984375, -55.68598175048828, 76.62224578857422]",0.045638442039489746,10.737450933498065,[0.00211769 0.00258235 0.0029752  ... 0.02674125 0.02312715 0.01581687],0.00026537434314377606,0.2104024887084961,1.0,0.8114472031593323,92.87981859410431
Good Times,Chic,https://www.youtube.com/watch?v=Q5C9oeKxJzo,0,Twin Clean,3.0,7.0,6.0,6.0,7.5,"{""type"": ""Compressor"", ""settings"": {""type"": ""mid""}}",,"{""type"": ""Delay"", ""settings"": {""level"": 5.0, ""time"": 483, ""feedback"": 3.0, ""tone"": 5.5}}","{""type"": ""Small Room"", ""settings"": {""level"": 4.0, ""decay"": 4.5, ""tone"": 3.5}}",pitch_pos,data/audio_stems_augmented\040_chic_good_times_aug_pitch_pos.wav,2169.2790852053736,4092.3476959938225,0.0031775706,"[-288.3987731933594, 100.243896484375, -48.14776611328125, 78.10856628417969]",0.027268053963780403,11.014463659252332,[0.00265966 0.00315433 0.0035443  ... 0.01397469 0.0122697  0.0091223 ],0.00028849070076830685,0.11967432498931885,1.0,0.8609325885772705,92.87981859410431
Good Times,Chic,https://www.youtube.com/watch?v=Q5C9oeKxJzo,0,Twin Clean,3.0,7.0,6.0,6.0,7.5,"{""type"": ""Compressor"", ""settings"": {""type"": ""mid""}}",,"{""type"": ""Delay"", ""settings"": {""level"": 5.0, ""time"": 483, ""feedback"": 3.0, ""tone"": 5.5}}","{""type"": ""Small Room"", ""settings"": {""level"": 4.0, ""decay"": 4.5, ""tone"": 3.5}}",pitch_neg_tilt_lo,data/audio_stems_augmented\040_chic_good_times_aug_pitch_neg_tilt_lo.wav,1919.7187475778194,3587.7008056640625,0.0011432242,"[-289.1344909667969, 116.36648559570312, -60.89457702636719, 76.41509246826172]",0.028665196150541306,13.232781011532532,[0.00251479 0.0030789  0.00355326 ... 0.01401509 0.01181282 0.00828725],8.639333100290969e-05,0.11542996764183044,1.0,0.8596475720405579,92.87981859410431
Unsung,Helmet,https://www.youtube.com/watch?v=JcF7W5eloYM,12,90s Rock,7.5,5.0,8.0,6.0,9.0,"{""type"": ""Octobot"", ""settings"": {""direct"": 8.5, ""down"": 5.0, ""sizzle"": 5.0}}","{""type"": ""Touch Wah"", ""settings"": {""level"": 2.0, ""thresh"": 7.5, ""mode"": ""HI-UP"", ""filter"": ""BPF"", ""peak"": 6.5}}","{""type"": ""Delay"", ""settings"": {""level"": 2.0, ""time"": 352, ""feedback"": 2.5, ""tone"": 1.0}}","{""type"": ""Large Hall"", ""settings"": {""level"": 2.5, ""decay"": 7.5, ""tone"": 6.0}}",none,data/audio_stems_augmented\041_helmet_unsung_orig.wav,2383.143795999333,3894.092093316349,0.003334403,"[-133.4205780029297, 120.56916809082031, -93.39791107177734, 93.71466064453125]",0.085128054022789,6.3003922891389745,"[4.1450609e-02 5.3512707e-02 6.6482283e-02 ... 1.3232898e-04 1.1369742e-04
 9.3967174e-05]",0.0005292373243719339,0.301430344581604,1.0,0.9670178890228271,92.87981859410431
Unsung,Helmet,https://www.youtube.com/watch?v=JcF7W5eloYM,12,90s Rock,7.5,5.0,8.0,6.0,9.0,"{""type"": ""Octobot"", ""settings"": {""direct"": 8.5, ""down"": 5.0, ""sizzle"": 5.0}}","{""type"": ""Touch Wah"", ""settings"": {""level"": 2.0, ""thresh"": 7.5, ""mode"": ""HI-UP"", ""filter"": ""BPF"", ""peak"": 6.5}}","{""type"": ""Delay"", ""settings"": {""level"": 2.0, ""time"": 352, ""feedback"": 2.5, ""tone"": 1.0}}","{""type"": ""Large Hall"", ""settings"": {""level"": 2.5, ""decay"": 7.5, ""tone"": 6.0}}",gain_neg,data/audio_stems_augmented\041_helmet_unsung_aug_gain_neg.wav,2383.161576794264,3894.1107691213138,0.00336657,"[-150.39120483398438, 120.5696029663086, -93.3979721069336, 93.71540832519531]",0.07162630558013916,6.300585253867694,"[3.4876142e-02 4.5024931e-02 5.5937693e-02 ... 1.1402691e-04 9.7952616e-05
 8.0702484e-05]",0.0005343264783732593,0.253618985414505,1.0,0.9670177102088928,92.87981859410431
Unsung,Helmet,https://www.youtube.com/watch?v=JcF7W5eloYM,12,90s Rock,7.5,5.0,8.0,6.0,9.0,"{""type"": ""Octobot"", ""settings"": {""direct"": 8.5, ""down"": 5.0, ""sizzle"": 5.0}}","{""type"": ""Touch Wah"", ""settings"": {""level"": 2.0, ""thresh"": 7.5, ""mode"": ""HI-UP"", ""filter"": ""BPF"", ""peak"": 6.5}}","{""type"": ""Delay"", ""settings"": {""level"": 2.0, ""time"": 352, ""feedback"": 2.5, ""tone"": 1.0}}","{""type"": ""Large Hall"", ""settings"": {""level"": 2.5, ""decay"": 7.5, ""tone"": 6.0}}",gain_pos_tilt_hi,data/audio_stems_augmented\041_helmet_unsung_aug_gain_pos_tilt_hi.wav,2412.0848141577344,3908.0989470403297,0.003388526,"[-118.34542846679688, 118.21403503417969, -95.59690856933594, 91.93006896972656]",0.09910284727811813,6.312982657321769,"[4.6889730e-02 5.9561066e-02 7.3030144e-02 ... 1.2140353e-04 1.0341102e-04
 8.4777836e-05]",0.0005367550766095519,0.3545039892196655,1.0,0.9670858383178711,92.87981859410431
Unsung,Helmet,https://www.youtube.com/watch?v=JcF7W5eloYM,12,90s Rock,7.5,5.0,8.0,6.0,9.0,"{""type"": ""Octobot"", ""settings"": {""direct"": 8.5, ""down"": 5.0, ""sizzle"": 5.0}}","{""type"": ""Touch Wah"", ""settings"": {""level"": 2.0, ""thresh"": 7.5, ""mode"": ""HI-UP"", ""filter"": ""BPF"", ""peak"": 6.5}}","{""type"": ""Delay"", ""settings"": {""level"": 2.0, ""time"": 352, ""feedback"": 2.5, ""tone"": 1.0}}","{""type"": ""Large Hall"", ""settings"": {""level"": 2.5, ""decay"": 7.5, ""tone"": 6.0}}",pitch_pos,data/audio_stems_augmented\041_helmet_unsung_aug_pitch_pos.wav,2530.691769215945,4136.1508384269755,0.004609993,"[-165.4247283935547, 108.0897216796875, -85.12671661376953, 92.97036743164062]",0.05721106380224228,6.140634265342321,"[4.3225739e-02 5.4493181e-02 6.3477062e-02 ... 1.2003233e-04 1.0268287e-04
 8.2231949e-05]",0.0007507355185225606,0.20156046748161316,1.0,0.9695945382118225,92.87981859410431
Unsung,Helmet,https://www.youtube.com/watch?v=JcF7W5eloYM,12,90s Rock,7.5,5.0,8.0,6.0,9.0,"{""type"": ""Octobot"", ""settings"": {""direct"": 8.5, ""down"": 5.0, ""sizzle"": 5.0}}","{""type"": ""Touch Wah"", ""settings"": {""level"": 2.0, ""thresh"": 7.5, ""mode"": ""HI-UP"", ""filter"": ""BPF"", ""peak"": 6.5}}","{""type"": ""Delay"", ""settings"": {""level"": 2.0, ""time"": 352, ""feedback"": 2.5, ""tone"": 1.0}}","{""type"": ""Large Hall"", ""settings"": {""level"": 2.5, ""decay"": 7.5, ""tone"": 6.0}}",pitch_neg_tilt_lo,data/audio_stems_augmented\041_helmet_unsung_aug_pitch_neg_tilt_lo.wav,2205.932172801721,3625.2858216280765,0.0013286864,"[-181.3922882080078, 133.7670135498047, -100.82959747314453, 90.03206634521484]",0.05738147348165512,6.0564517107929285,"[4.1059345e-02 5.2494552e-02 6.4757846e-02 ... 5.4246382e-05 4.1388805e-05
 2.9579282e-05]",0.00021938359714113176,0.19889986515045166,1.0,0.9686239957809448,92.87981859410431
Dress,PJ Harvey,https://www.youtube.com/watch?v=4lS5jTedHBg,16,60s Uk Cln,6.0,6.0,5.5,6.5,5.0,"{""type"": ""Rock Dirt"", ""settings"": {""level"": 3.0, ""distort"": 5.0, ""filter"": 5.0}}",,,"{""type"": ""Large Hall"", ""settings"": {""level"": 2.0, ""decay"": 3.0, ""tone"": 10.0}}",none,data/audio_stems_augmented\042_pj_harvey_dress_orig.wav,1463.4059358543561,2948.09202118982,0.0006034183,"[-232.80613708496094, 156.44808959960938, -75.41352844238281, 74.33817291259766]",0.0662950873374939,4.604145262033023,[0.02944801 0.04217407 0.05127043 ... 0.05257415 0.04793414 0.0412458 ],0.0001310597435804084,0.13827864825725555,0.0,0.9705930948257446,92.87981859410431
Dress,PJ Harvey,https://www.youtube.com/watch?v=4lS5jTedHBg,16,60s Uk Cln,6.0,6.0,5.5,6.5,5.0,"{""type"": ""Rock Dirt"", ""settings"": {""level"": 3.0, ""distort"": 5.0, ""filter"": 5.0}}",,,"{""type"": ""Large Hall"", ""settings"": {""level"": 2.0, ""decay"": 3.0, ""tone"": 10.0}}",gain_neg,data/audio_stems_augmented\042_pj_harvey_dress_aug_gain_neg.wav,1463.470760011259,2948.1503090559745,0.0006100825,"[-249.7734375, 156.4440460205078, -75.40984344482422, 74.3369140625]",0.05578037351369858,4.604331541548134,[0.02477769 0.03548518 0.04313853 ... 0.04423591 0.04033188 0.03470425],0.00013250183837953955,0.11634673923254013,0.0,0.9705932140350342,92.87981859410431
Dress,PJ Harvey,https://www.youtube.com/watch?v=4lS5jTedHBg,16,60s Uk Cln,6.0,6.0,5.5,6.5,5.0,"{""type"": ""Rock Dirt"", ""settings"": {""level"": 3.0, ""distort"": 5.0, ""filter"": 5.0}}",,,"{""type"": ""Large Hall"", ""settings"": {""level"": 2.0, ""decay"": 3.0, ""tone"": 10.0}}",gain_pos_tilt_hi,data/audio_stems_augmented\042_pj_harvey_dress_aug_gain_pos_tilt_hi.wav,1538.34513807357,3004.6645587115718,0.00073979504,"[-219.4693603515625, 156.50387573242188, -79.83786010742188, 74.5248031616211]",0.06771133840084076,4.553366477638095,[0.03087283 0.04478029 0.05578667 ... 0.05606024 0.05081749 0.04346552],0.00016247206076513976,0.1299615502357483,0.0,0.9748445749282837,92.87981859410431
Dress,PJ Harvey,https://www.youtube.com/watch?v=4lS5jTedHBg,16,60s Uk Cln,6.0,6.0,5.5,6.5,5.0,"{""type"": ""Rock Dirt"", ""settings"": {""level"": 3.0, ""distort"": 5.0, ""filter"": 5.0}}",,,"{""type"": ""Large Hall"", ""settings"": {""level"": 2.0, ""decay"": 3.0, ""tone"": 10.0}}",pitch_pos,data/audio_stems_augmented\042_pj_harvey_dress_aug_pitch_pos.wav,1568.8381367141703,3140.117232816125,0.00084402686,"[-262.66668701171875, 141.6088104248047, -68.14014434814453, 76.07337188720703]",0.04516129568219185,4.553753432544593,[0.03071849 0.03747606 0.04235595 ... 0.03340815 0.03059099 0.02723897],0.00018534746777731925,0.13581904768943787,0.0,0.9649966359138489,92.87981859410431
Dress,PJ Harvey,https://www.youtube.com/watch?v=4lS5jTedHBg,16,60s Uk Cln,6.0,6.0,5.5,6.5,5.0,"{""type"": ""Rock Dirt"", ""settings"": {""level"": 3.0, ""distort"": 5.0, ""filter"": 5.0}}",,,"{""type"": ""Large Hall"", ""settings"": {""level"": 2.0, ""decay"": 3.0, ""tone"": 10.0}}",pitch_neg_tilt_lo,data/audio_stems_augmented\042_pj_harvey_dress_aug_pitch_neg_tilt_lo.wav,1343.386037578451,2736.2489350710557,0.00026552504,"[-276.3953857421875, 159.7242431640625, -73.37837219238281, 64.20440673828125]",0.04840342700481415,5.351436204362824,[0.02744354 0.04122016 0.04911493 ... 0.03050799 0.0268395  0.02155202],4.961751983501017e-05,0.11469779163599014,0.0,0.9638428688049316,92.87981859410431
Attack of the Ghost Riders,The Raveonettes,https://www.youtube.com/watch?v=1gQEvupSrRY,55,Deluxe Cln,9.5,4.5,9.0,3.5,7.5,"{""type"": ""Sustain"", ""settings"": {""sense"": 5.0, ""level"": 5.0}}","{""type"": ""Chorus"", ""settings"": {""level"": 9.0, ""speed"": 4.5, ""depth"": 1.5}}","{""type"": ""Delay"", ""settings"": {""level"": 3.5, ""time"": 400, ""feedback"": 5.5, ""tone"": 5.5}}","{""type"": ""Large Hall"", ""settings"": {""level"": 10.0, ""decay"": 10.0, ""tone"": 8.0}}",none,data/audio_stems_augmented\043_the_raveonettes_attack_of_the_ghost_riders_orig.wav,2246.6628454377274,3842.4116175809354,0.020105962,"[-60.18819808959961, 102.50128173828125, -67.24207305908203, 20.665771484375]",0.11469411104917526,4.549893898387332,[0.05831574 0.07423954 0.0896059  ... 0.12726936 0.11275271 0.09471548],0.004418994765728712,0.10347473621368408,1.0,0.9908071756362915,92.87981859410431
Attack of the Ghost Riders,The Raveonettes,https://www.youtube.com/watch?v=1gQEvupSrRY,55,Deluxe Cln,9.5,4.5,9.0,3.5,7.5,"{""type"": ""Sustain"", ""settings"": {""sense"": 5.0, ""level"": 5.0}}","{""type"": ""Chorus"", ""settings"": {""level"": 9.0, ""speed"": 4.5, ""depth"": 1.5}}","{""type"": ""Delay"", ""settings"": {""level"": 3.5, ""time"": 400, ""feedback"": 5.5, ""tone"": 5.5}}","{""type"": ""Large Hall"", ""settings"": {""level"": 10.0, ""decay"": 10.0, ""tone"": 8.0}}",gain_neg,data/audio_stems_augmented\043_the_raveonettes_attack_of_the_ghost_riders_aug_gain_neg.wav,2246.664279769806,3842.4116175809354,0.020189663,"[-77.15819549560547, 102.50102233886719, -67.2413558959961, 20.665616989135742]",0.09650307148694992,4.549931493013505,[0.04906639 0.06246481 0.07539394 ... 0.1070834  0.09486945 0.07969309],0.004437354393303394,0.08706287294626236,1.0,0.9908073544502258,92.87981859410431
Attack of the Ghost Riders,The Raveonettes,https://www.youtube.com/watch?v=1gQEvupSrRY,55,Deluxe Cln,9.5,4.5,9.0,3.5,7.5,"{""type"": ""Sustain"", ""settings"": {""sense"": 5.0, ""level"": 5.0}}","{""type"": ""Chorus"", ""settings"": {""level"": 9.0, ""speed"": 4.5, ""depth"": 1.5}}","{""type"": ""Delay"", ""settings"": {""level"": 3.5, ""time"": 400, ""feedback"": 5.5, ""tone"": 5.5}}","{""type"": ""Large Hall"", ""settings"": {""level"": 10.0, ""decay"": 10.0, ""tone"": 8.0}}",gain_pos_tilt_hi,data/audio_stems_augmented\043_the_raveonettes_attack_of_the_ghost_riders_aug_gain_pos_tilt_hi.wav,2273.0258293695874,3867.5527734375,0.020412184,"[-44.85615921020508, 100.04468536376953, -69.4083251953125, 18.78883934020996]",0.13413533568382263,4.662851124442247,[0.06845389 0.08687299 0.10447688 ... 0.1494773  0.13224195 0.11080899],0.004377617500722408,0.12243017554283142,1.0,0.9909148216247559,92.87981859410431
Attack of the Ghost Riders,The Raveonettes,https://www.youtube.com/watch?v=1gQEvupSrRY,55,Deluxe Cln,9.5,4.5,9.0,3.5,7.5,"{""type"": ""Sustain"", ""settings"": {""sense"": 5.0, ""level"": 5.0}}","{""type"": ""Chorus"", ""settings"": {""level"": 9.0, ""speed"": 4.5, ""depth"": 1.5}}","{""type"": ""Delay"", ""settings"": {""level"": 3.5, ""time"": 400, ""feedback"": 5.5, ""tone"": 5.5}}","{""type"": ""Large Hall"", ""settings"": {""level"": 10.0, ""decay"": 10.0, ""tone"": 8.0}}",pitch_pos,data/audio_stems_augmented\043_the_raveonettes_attack_of_the_ghost_riders_aug_pitch_pos.wav,2347.8673504219214,4025.5815464815646,0.020281993,"[-97.36839294433594, 93.28296661376953, -66.6880111694336, 22.4471492767334]",0.0786481574177742,5.219667627929661,[0.05922869 0.07044035 0.08190141 ... 0.07719813 0.06685255 0.05403614],0.0038856856990605593,0.06538213789463043,1.0,0.98988276720047,92.87981859410431
Attack of the Ghost Riders,The Raveonettes,https://www.youtube.com/watch?v=1gQEvupSrRY,55,Deluxe Cln,9.5,4.5,9.0,3.5,7.5,"{""type"": ""Sustain"", ""settings"": {""sense"": 5.0, ""level"": 5.0}}","{""type"": ""Chorus"", ""settings"": {""level"": 9.0, ""speed"": 4.5, ""depth"": 1.5}}","{""type"": ""Delay"", ""settings"": {""level"": 3.5, ""time"": 400, ""feedback"": 5.5, ""tone"": 5.5}}","{""type"": ""Large Hall"", ""settings"": {""level"": 10.0, ""decay"": 10.0, ""tone"": 8.0}}",pitch_neg_tilt_lo,data/audio_stems_augmented\043_the_raveonettes_attack_of_the_ghost_riders_aug_pitch_neg_tilt_lo.wav,2034.2012504068557,3447.09544921875,0.006105534,"[-113.49137878417969, 121.71845245361328, -78.22752380371094, 27.398529052734375]",0.07807823270559311,6.18057383722287,[0.05655088 0.07282505 0.08718003 ... 0.08459539 0.07265085 0.05941238],0.0009878585115075111,0.07391548901796341,1.0,0.9883954524993896,92.87981859410431
All's Well That Ends,Rainbow Kitten Surprise,https://www.youtube.com/watch?v=fSOl7lYSE3c,0,Twin Clean,4.5,5.5,6.0,7.5,6.9,"{""type"": ""Myth Drive"", ""settings"": {""level"": 7.0, ""gain"": 5.0, ""treble"": 5.0}}","{""type"": ""Chorus"", ""settings"": {""level"": 6.5, ""speed"": 3.0, ""depth"": 2.0}}",,"{""type"": ""Arena"", ""settings"": {""level"": 7.0, ""decay"": 4.7, ""tone"": 6.6}}",none,data/audio_stems_augmented\044_rainbow_kitten_surprise_alls_well_that_ends_orig.wav,1003.6576231178875,2211.3085556030273,5.339347e-05,"[-326.75823974609375, 169.73281860351562, -35.86190414428711, 62.1861686706543]",0.060329288244247437,6.359442385460227,[0.00010868 0.00013325 0.00015393 ... 0.09266845 0.07894018 0.06245811],8.39593485579826e-06,0.14737480878829956,0.0,0.9679508805274963,92.87981859410431
All's Well That Ends,Rainbow Kitten Surprise,https://www.youtube.com/watch?v=fSOl7lYSE3c,0,Twin Clean,4.5,5.5,6.0,7.5,6.9,"{""type"": ""Myth Drive"", ""settings"": {""level"": 7.0, ""gain"": 5.0, ""treble"": 5.0}}","{""type"": ""Chorus"", ""settings"": {""level"": 6.5, ""speed"": 3.0, ""depth"": 2.0}}",,"{""type"": ""Arena"", ""settings"": {""level"": 7.0, ""decay"": 4.7, ""tone"": 6.6}}",gain_neg,data/audio_stems_augmented\044_rainbow_kitten_surprise_alls_well_that_ends_aug_gain_neg.wav,1003.879377301633,2211.5945434570312,5.4707787e-05,"[-343.724609375, 169.73025512695312, -35.859596252441406, 62.18629837036133]",0.05076077580451965,6.359409935723873,"[9.1433445e-05 1.1225642e-04 1.2985214e-04 ... 7.7970847e-02 6.6419952e-02
 5.2552290e-02]",8.602650268585421e-06,0.12399984151124954,0.0,0.9679506421089172,92.87981859410431
All's Well That Ends,Rainbow Kitten Surprise,https://www.youtube.com/watch?v=fSOl7lYSE3c,0,Twin Clean,4.5,5.5,6.0,7.5,6.9,"{""type"": ""Myth Drive"", ""settings"": {""level"": 7.0, ""gain"": 5.0, ""treble"": 5.0}}","{""type"": ""Chorus"", ""settings"": {""level"": 6.5, ""speed"": 3.0, ""depth"": 2.0}}",,"{""type"": ""Arena"", ""settings"": {""level"": 7.0, ""decay"": 4.7, ""tone"": 6.6}}",gain_pos_tilt_hi,data/audio_stems_augmented\044_rainbow_kitten_surprise_alls_well_that_ends_aug_gain_pos_tilt_hi.wav,1036.6912012310277,2293.1599617004395,5.750291e-05,"[-311.9584045410156, 167.77796936035156, -38.360633850097656, 60.64740753173828]",0.0669439360499382,6.807826530430612,[0.0001268  0.00015539 0.00017969 ... 0.10614758 0.09035628 0.07150659],8.446587344224099e-06,0.1715729534626007,0.0,0.966098427772522,92.87981859410431
All's Well That Ends,Rainbow Kitten Surprise,https://www.youtube.com/watch?v=fSOl7lYSE3c,0,Twin Clean,4.5,5.5,6.0,7.5,6.9,"{""type"": ""Myth Drive"", ""settings"": {""level"": 7.0, ""gain"": 5.0, ""treble"": 5.0}}","{""type"": ""Chorus"", ""settings"": {""level"": 6.5, ""speed"": 3.0, ""depth"": 2.0}}",,"{""type"": ""Arena"", ""settings"": {""level"": 7.0, ""decay"": 4.7, ""tone"": 6.6}}",pitch_pos,data/audio_stems_augmented\044_rainbow_kitten_surprise_alls_well_that_ends_aug_pitch_pos.wav,1117.885967506229,2452.682304382324,8.548342e-05,"[-356.81451416015625, 158.3453826904297, -34.89488983154297, 61.079994201660156]",0.039489395916461945,5.958170888979792,[0.0001114  0.00014904 0.00016496 ... 0.0416552  0.03568536 0.02823362],1.43472570925951e-05,0.09879722446203232,0.0,0.9651377201080322,92.87981859410431
All's Well That Ends,Rainbow Kitten Surprise,https://www.youtube.com/watch?v=fSOl7lYSE3c,0,Twin Clean,4.5,5.5,6.0,7.5,6.9,"{""type"": ""Myth Drive"", ""settings"": {""level"": 7.0, ""gain"": 5.0, ""treble"": 5.0}}","{""type"": ""Chorus"", ""settings"": {""level"": 6.5, ""speed"": 3.0, ""depth"": 2.0}}",,"{""type"": ""Arena"", ""settings"": {""level"": 7.0, ""decay"": 4.7, ""tone"": 6.6}}",pitch_neg_tilt_lo,data/audio_stems_augmented\044_rainbow_kitten_surprise_alls_well_that_ends_aug_pitch_neg_tilt_lo.wav,945.9760970528566,2111.9964289422887,3.1603875e-05,"[-364.2998962402344, 164.86695861816406, -30.527997970581055, 54.742027282714844]",0.041609153151512146,5.288667288920511,[0.00010926 0.00013407 0.00015493 ... 0.07265861 0.06027396 0.04572395],5.975772182864603e-06,0.10321871191263199,0.0,0.9656789302825928,92.87981859410431
Play for Today,The Cure,https://www.youtube.com/watch?v=_iJ7U1qP7KA,30,Doom Metal,2.5,9.5,10.0,1.0,6.5,,"{""type"": ""Flanger"", ""settings"": {""level"": 10.0, ""speed"": 4.0, ""depth"": 4.5, ""feedback"": 8.0}}",,"{""type"": ""Large Hall"", ""settings"": {""level"": 4.0, ""decay"": 5.0, ""tone"": 8.0}}",none,data/audio_stems_augmented\045_the_cure_play_for_today_orig.wav,1853.2869200919256,3627.585369273457,0.0019245729,"[-217.91864013671875, 122.29315185546875, -47.05610275268555, 74.59994506835938]",0.058966007083654404,7.021417618067379,[0.01284755 0.01614659 0.01789981 ... 0.08036558 0.06865368 0.05295148],0.0002741002826951444,0.1313026249408722,1.0,0.9562665224075317,92.87981859410431
Play for Today,The Cure,https://www.youtube.com/watch?v=_iJ7U1qP7KA,30,Doom Metal,2.5,9.5,10.0,1.0,6.5,,"{""type"": ""Flanger"", ""settings"": {""level"": 10.0, ""speed"": 4.0, ""depth"": 4.5, ""feedback"": 8.0}}",,"{""type"": ""Large Hall"", ""settings"": {""level"": 4.0, ""decay"": 5.0, ""tone"": 8.0}}",gain_neg,data/audio_stems_augmented\045_the_cure_play_for_today_aug_gain_neg.wav,1853.3612553141656,3627.684808918451,0.0019451169,"[-234.88990783691406, 122.29190063476562, -47.05680847167969, 74.59949493408203]",0.04961368814110756,7.021270662956112,[0.01080956 0.01358525 0.01506051 ... 0.06761924 0.05776502 0.04455312],0.00027703199884854257,0.110476553440094,1.0,0.9562667012214661,92.87981859410431
Play for Today,The Cure,https://www.youtube.com/watch?v=_iJ7U1qP7KA,30,Doom Metal,2.5,9.5,10.0,1.0,6.5,,"{""type"": ""Flanger"", ""settings"": {""level"": 10.0, ""speed"": 4.0, ""depth"": 4.5, ""feedback"": 8.0}}",,"{""type"": ""Large Hall"", ""settings"": {""level"": 4.0, ""decay"": 5.0, ""tone"": 8.0}}",gain_pos_tilt_hi,data/audio_stems_augmented\045_the_cure_play_for_today_aug_gain_pos_tilt_hi.wav,1894.7438167925727,3669.1440044633496,0.0020433853,"[-203.57089233398438, 120.6152114868164, -49.860755920410156, 73.38922119140625]",0.06662466377019882,7.277883196790221,[0.01477146 0.01852312 0.02053251 ... 0.08990697 0.07679742 0.05936402],0.00028076639864593744,0.15004295110702515,1.0,0.9552810788154602,92.87981859410431
Play for Today,The Cure,https://www.youtube.com/watch?v=_iJ7U1qP7KA,30,Doom Metal,2.5,9.5,10.0,1.0,6.5,,"{""type"": ""Flanger"", ""settings"": {""level"": 10.0, ""speed"": 4.0, ""depth"": 4.5, ""feedback"": 8.0}}",,"{""type"": ""Large Hall"", ""settings"": {""level"": 4.0, ""decay"": 5.0, ""tone"": 8.0}}",pitch_pos,data/audio_stems_augmented\045_the_cure_play_for_today_aug_pitch_pos.wav,2013.9196695726507,3921.8608261069376,0.0027296785,"[-244.77943420410156, 106.38367462158203, -38.921321868896484, 69.00553131103516]",0.04099379852414131,8.379254728443508,[0.01328605 0.01573532 0.0172438  ... 0.04106283 0.03183914 0.02284419],0.00032576624653302133,0.10038480162620544,1.0,0.9520444869995117,92.87981859410431
Play for Today,The Cure,https://www.youtube.com/watch?v=_iJ7U1qP7KA,30,Doom Metal,2.5,9.5,10.0,1.0,6.5,,"{""type"": ""Flanger"", ""settings"": {""level"": 10.0, ""speed"": 4.0, ""depth"": 4.5, ""feedback"": 8.0}}",,"{""type"": ""Large Hall"", ""settings"": {""level"": 4.0, ""decay"": 5.0, ""tone"": 8.0}}",pitch_neg_tilt_lo,data/audio_stems_augmented\045_the_cure_play_for_today_aug_pitch_neg_tilt_lo.wav,1735.7055251745041,3403.273649473448,0.00089721807,"[-258.4709777832031, 125.6322021484375, -48.787384033203125, 70.81632995605469]",0.0390702560544014,6.764108791243441,[0.01268661 0.01613023 0.01783976 ... 0.03481597 0.02700933 0.01713826],0.00013264392327982932,0.10743468254804611,1.0,0.9524160623550415,92.87981859410431
Pearly-Dewdrops' Drops,Cocteau Twins,https://www.youtube.com/watch?v=s-5Xgw6d3h0,0,Princeton,6.5,9.0,6.5,6.5,6.5,,"{""type"": ""Chorus"", ""settings"": {""level"": 10.0, ""speed"": 4.5, ""depth"": 3.0}}","{""type"": ""Delay"", ""settings"": {""level"": 5.0, ""time"": 400, ""feedback"": 9.0, ""tone"": 1.5}}","{""type"": ""Spring 65"", ""settings"": {""level"": 8.0, ""decay"": 3.5, ""tone"": 5.5}}",none,data/audio_stems_augmented\046_cocteau_twins_pearly_dewdrops_drops_orig.wav,1112.9520697848413,2110.765005623784,0.0001309168,"[-343.3412170410156, 173.863037109375, -58.57847595214844, 37.801605224609375]",0.03587932139635086,5.288645513653314,"[7.5406635e-05 9.2803341e-05 1.1790516e-04 ... 2.2280969e-02 2.0177891e-02
 1.8370397e-02]",2.4754310288699344e-05,0.10057567059993744,1.0,0.9818755388259888,92.87981859410431
Pearly-Dewdrops' Drops,Cocteau Twins,https://www.youtube.com/watch?v=s-5Xgw6d3h0,0,Princeton,6.5,9.0,6.5,6.5,6.5,,"{""type"": ""Chorus"", ""settings"": {""level"": 10.0, ""speed"": 4.5, ""depth"": 3.0}}","{""type"": ""Delay"", ""settings"": {""level"": 5.0, ""time"": 400, ""feedback"": 9.0, ""tone"": 1.5}}","{""type"": ""Spring 65"", ""settings"": {""level"": 8.0, ""decay"": 3.5, ""tone"": 5.5}}",gain_neg,data/audio_stems_augmented\046_cocteau_twins_pearly_dewdrops_drops_aug_gain_neg.wav,1113.2696028627856,2110.9242005107003,0.00013445597,"[-360.3070373535156, 173.8586883544922, -58.57634353637695, 37.802345275878906]",0.030188685283064842,5.2888252147354144,"[6.4944448e-05 8.0023448e-05 1.0140164e-04 ... 1.8746777e-02 1.6977360e-02
 1.5456580e-02]",2.5422650651307777e-05,0.0846233144402504,1.0,0.9818751215934753,92.87981859410431
Pearly-Dewdrops' Drops,Cocteau Twins,https://www.youtube.com/watch?v=s-5Xgw6d3h0,0,Princeton,6.5,9.0,6.5,6.5,6.5,,"{""type"": ""Chorus"", ""settings"": {""level"": 10.0, ""speed"": 4.5, ""depth"": 3.0}}","{""type"": ""Delay"", ""settings"": {""level"": 5.0, ""time"": 400, ""feedback"": 9.0, ""tone"": 1.5}}","{""type"": ""Spring 65"", ""settings"": {""level"": 8.0, ""decay"": 3.5, ""tone"": 5.5}}",gain_pos_tilt_hi,data/audio_stems_augmented\046_cocteau_twins_pearly_dewdrops_drops_aug_gain_pos_tilt_hi.wav,1173.754367932318,2173.6562963221713,0.00015362514,"[-331.23974609375, 175.32830810546875, -64.19245910644531, 38.76728439331055]",0.03722640499472618,5.575195178324344,"[6.8129331e-05 8.3583989e-05 1.1086849e-04 ... 2.1850448e-02 1.9693661e-02
 1.7969448e-02]",2.7555108317756094e-05,0.09759551286697388,1.0,0.9829027056694031,92.87981859410431
Pearly-Dewdrops' Drops,Cocteau Twins,https://www.youtube.com/watch?v=s-5Xgw6d3h0,0,Princeton,6.5,9.0,6.5,6.5,6.5,,"{""type"": ""Chorus"", ""settings"": {""level"": 10.0, ""speed"": 4.5, ""depth"": 3.0}}","{""type"": ""Delay"", ""settings"": {""level"": 5.0, ""time"": 400, ""feedback"": 9.0, ""tone"": 1.5}}","{""type"": ""Spring 65"", ""settings"": {""level"": 8.0, ""decay"": 3.5, ""tone"": 5.5}}",pitch_pos,data/audio_stems_augmented\046_cocteau_twins_pearly_dewdrops_drops_aug_pitch_pos.wav,1184.7266357974852,2261.245865176662,0.00018116724,"[-374.9048156738281, 161.31442260742188, -54.16703796386719, 40.82987594604492]",0.02383911982178688,5.765540311982277,"[7.9019846e-05 1.0036488e-04 2.7841819e-04 ... 1.3261391e-02 1.2383405e-02
 1.0440899e-02]",3.142241621389985e-05,0.07790502160787582,1.0,0.979310929775238,92.87981859410431
Pearly-Dewdrops' Drops,Cocteau Twins,https://www.youtube.com/watch?v=s-5Xgw6d3h0,0,Princeton,6.5,9.0,6.5,6.5,6.5,,"{""type"": ""Chorus"", ""settings"": {""level"": 10.0, ""speed"": 4.5, ""depth"": 3.0}}","{""type"": ""Delay"", ""settings"": {""level"": 5.0, ""time"": 400, ""feedback"": 9.0, ""tone"": 1.5}}","{""type"": ""Spring 65"", ""settings"": {""level"": 8.0, ""decay"": 3.5, ""tone"": 5.5}}",pitch_neg_tilt_lo,data/audio_stems_augmented\046_cocteau_twins_pearly_dewdrops_drops_aug_pitch_neg_tilt_lo.wav,1027.6853143512578,1956.5111962434287,7.657356e-05,"[-389.2564392089844, 177.85516357421875, -54.05342102050781, 28.389524459838867]",0.024886449798941612,6.240251867217411,"[7.5418699e-05 9.1870075e-05 1.4148330e-04 ... 1.3145497e-02 1.2484269e-02
 9.2507005e-03]",1.2270906154299155e-05,0.07006331533193588,1.0,0.9804266095161438,92.87981859410431
Helicopter,Bloc Party,https://www.youtube.com/watch?v=kkkA85hPtYw,135,Burn,6.9,6.5,3.5,8.5,2.0,"{""type"": ""Sustain"", ""settings"": {""sense"": 5.0, ""level"": 5.0}}","{""type"": ""Tremolo"", ""settings"": {""level"": 9.5, ""speed"": 6.5}}","{""type"": ""Delay"", ""settings"": {""level"": 2.5, ""time"": 547, ""feedback"": 8.0, ""tone"": 6.5}}","{""type"": ""Small Room"", ""settings"": {""level"": 9.0, ""decay"": 2.0, ""tone"": 5.5}}",none,data/audio_stems_augmented\047_bloc_party_helicopter_orig.wav,1992.0918918043203,3014.2268790989624,0.00078587414,"[-170.9522705078125, 162.01077270507812, -135.79017639160156, 55.97041320800781]",0.08746761828660965,5.683539507018308,[0.05256883 0.06635743 0.07504806 ... 0.11623555 0.09775639 0.08482219],0.00013827193470206112,0.23924827575683594,1.0,0.9821465015411377,92.87981859410431
Helicopter,Bloc Party,https://www.youtube.com/watch?v=kkkA85hPtYw,135,Burn,6.9,6.5,3.5,8.5,2.0,"{""type"": ""Sustain"", ""settings"": {""sense"": 5.0, ""level"": 5.0}}","{""type"": ""Tremolo"", ""settings"": {""level"": 9.5, ""speed"": 6.5}}","{""type"": ""Delay"", ""settings"": {""level"": 2.5, ""time"": 547, ""feedback"": 8.0, ""tone"": 6.5}}","{""type"": ""Small Room"", ""settings"": {""level"": 9.0, ""decay"": 2.0, ""tone"": 5.5}}",gain_neg,data/audio_stems_augmented\047_bloc_party_helicopter_aug_gain_neg.wav,1992.1275331251052,3014.2268790989624,0.0007935912,"[-187.91720581054688, 162.00172424316406, -135.78359985351562, 55.96412658691406]",0.07359473407268524,5.683813724124901,[0.04423092 0.05583259 0.06314483 ... 0.09779994 0.08225162 0.07136894],0.0001396229927195236,0.20130346715450287,1.0,0.982146143913269,92.87981859410431
Helicopter,Bloc Party,https://www.youtube.com/watch?v=kkkA85hPtYw,135,Burn,6.9,6.5,3.5,8.5,2.0,"{""type"": ""Sustain"", ""settings"": {""sense"": 5.0, ""level"": 5.0}}","{""type"": ""Tremolo"", ""settings"": {""level"": 9.5, ""speed"": 6.5}}","{""type"": ""Delay"", ""settings"": {""level"": 2.5, ""time"": 547, ""feedback"": 8.0, ""tone"": 6.5}}","{""type"": ""Small Room"", ""settings"": {""level"": 9.0, ""decay"": 2.0, ""tone"": 5.5}}",gain_pos_tilt_hi,data/audio_stems_augmented\047_bloc_party_helicopter_aug_gain_pos_tilt_hi.wav,2009.3290098286632,3021.3259225724355,0.0007818896,"[-155.8860626220703, 159.61993408203125, -138.00439453125, 54.15325927734375]",0.10316281765699387,5.617854586370908,[0.06116462 0.0773064  0.08742337 ... 0.13684675 0.11533815 0.10012154],0.00013917936303187162,0.28628915548324585,1.0,0.9819251298904419,92.87981859410431
Helicopter,Bloc Party,https://www.youtube.com/watch?v=kkkA85hPtYw,135,Burn,6.9,6.5,3.5,8.5,2.0,"{""type"": ""Sustain"", ""settings"": {""sense"": 5.0, ""level"": 5.0}}","{""type"": ""Tremolo"", ""settings"": {""level"": 9.5, ""speed"": 6.5}}","{""type"": ""Delay"", ""settings"": {""level"": 2.5, ""time"": 547, ""feedback"": 8.0, ""tone"": 6.5}}","{""type"": ""Small Room"", ""settings"": {""level"": 9.0, ""decay"": 2.0, ""tone"": 5.5}}",pitch_pos,data/audio_stems_augmented\047_bloc_party_helicopter_aug_pitch_pos.wav,2114.6684307953933,3198.0675888061523,0.0009969017,"[-203.16090393066406, 146.96856689453125, -132.48048400878906, 61.76154708862305]",0.05952063947916031,7.6825066417248316,[0.05291576 0.06382299 0.0709283  ... 0.0742121  0.0658578  0.0524861 ],0.0001297625422012061,0.14787890017032623,1.0,0.9819867014884949,92.87981859410431
Helicopter,Bloc Party,https://www.youtube.com/watch?v=kkkA85hPtYw,135,Burn,6.9,6.5,3.5,8.5,2.0,"{""type"": ""Sustain"", ""settings"": {""sense"": 5.0, ""level"": 5.0}}","{""type"": ""Tremolo"", ""settings"": {""level"": 9.5, ""speed"": 6.5}}","{""type"": ""Delay"", ""settings"": {""level"": 2.5, ""time"": 547, ""feedback"": 8.0, ""tone"": 6.5}}","{""type"": ""Small Room"", ""settings"": {""level"": 9.0, ""decay"": 2.0, ""tone"": 5.5}}",pitch_neg_tilt_lo,data/audio_stems_augmented\047_bloc_party_helicopter_aug_pitch_neg_tilt_lo.wav,1859.2884842677092,2821.816921234131,0.00034677502,"[-221.33126831054688, 177.72267150878906, -138.19699096679688, 48.873146057128906]",0.058451853692531586,7.134342957346618,[0.05160901 0.06489215 0.07317669 ... 0.07391794 0.06050564 0.04999397],4.860643457504921e-05,0.15629152953624725,1.0,0.981960117816925,92.87981859410431
Sweet Child O' Mine,Guns N' Roses,https://www.youtube.com/watch?v=1w7OgIMMRc4,0,70s Rock,8.0,8.0,10.0,6.0,10.0,"{""type"": ""Blues Drive"", ""settings"": {""level"": 5.9, ""gain"": 10.0, ""tone"": 5.0, ""blend"": 5.0}}","{""type"": ""Touch Wah"", ""settings"": {""level"": 3.4, ""thresh"": 5.5, ""mode"": ""LO-UP"", ""filter"": ""HPF"", ""peak"": 5.5}}","{""type"": ""Delay"", ""settings"": {""level"": 2.5, ""time"": 226, ""feedback"": 5.5, ""tone"": 5.5}}","{""type"": ""Arena"", ""settings"": {""level"": 2.5, ""decay"": 5.5, ""tone"": 5.5}}",none,data/audio_stems_augmented\048_guns_n_roses_sweet_child_o_mine_orig.wav,2303.179069959176,4270.749088905377,0.0027518538,"[-208.61077880859375, 87.7942123413086, -60.777565002441406, 47.13117599487305]",0.05185782164335251,5.772343341829415,[0.00012142 0.00014785 0.00016954 ... 0.0499103  0.0440721  0.03653142],0.0004767307254951447,0.052338652312755585,0.0,0.9933152198791504,92.87981859410431
Sweet Child O' Mine,Guns N' Roses,https://www.youtube.com/watch?v=1w7OgIMMRc4,0,70s Rock,8.0,8.0,10.0,6.0,10.0,"{""type"": ""Blues Drive"", ""settings"": {""level"": 5.9, ""gain"": 10.0, ""tone"": 5.0, ""blend"": 5.0}}","{""type"": ""Touch Wah"", ""settings"": {""level"": 3.4, ""thresh"": 5.5, ""mode"": ""LO-UP"", ""filter"": ""HPF"", ""peak"": 5.5}}","{""type"": ""Delay"", ""settings"": {""level"": 2.5, ""time"": 226, ""feedback"": 5.5, ""tone"": 5.5}}","{""type"": ""Arena"", ""settings"": {""level"": 2.5, ""decay"": 5.5, ""tone"": 5.5}}",gain_neg,data/audio_stems_augmented\048_guns_n_roses_sweet_child_o_mine_aug_gain_neg.wav,2303.1982271202705,4270.79205219972,0.002768151,"[-225.57594299316406, 87.7966537475586, -60.77083206176758, 47.13522720336914]",0.04363294318318367,5.772147871400524,[0.00010265 0.00012503 0.0001434  ... 0.04199407 0.0370818  0.03073722],0.00047957024071365595,0.044037528336048126,0.0,0.9933152794837952,92.87981859410431
Sweet Child O' Mine,Guns N' Roses,https://www.youtube.com/watch?v=1w7OgIMMRc4,0,70s Rock,8.0,8.0,10.0,6.0,10.0,"{""type"": ""Blues Drive"", ""settings"": {""level"": 5.9, ""gain"": 10.0, ""tone"": 5.0, ""blend"": 5.0}}","{""type"": ""Touch Wah"", ""settings"": {""level"": 3.4, ""thresh"": 5.5, ""mode"": ""LO-UP"", ""filter"": ""HPF"", ""peak"": 5.5}}","{""type"": ""Delay"", ""settings"": {""level"": 2.5, ""time"": 226, ""feedback"": 5.5, ""tone"": 5.5}}","{""type"": ""Arena"", ""settings"": {""level"": 2.5, ""decay"": 5.5, ""tone"": 5.5}}",gain_pos_tilt_hi,data/audio_stems_augmented\048_guns_n_roses_sweet_child_o_mine_aug_gain_pos_tilt_hi.wav,2330.0313985249018,4290.778576728352,0.0028393457,"[-193.5509490966797, 85.4675521850586, -62.97207260131836, 45.32917404174805]",0.05996323004364967,5.684235915811976,[0.00014305 0.00017409 0.00019996 ... 0.05796152 0.05106723 0.04216634],0.0004995121853426099,0.05911926180124283,0.0,0.9933789372444153,92.87981859410431
Sweet Child O' Mine,Guns N' Roses,https://www.youtube.com/watch?v=1w7OgIMMRc4,0,70s Rock,8.0,8.0,10.0,6.0,10.0,"{""type"": ""Blues Drive"", ""settings"": {""level"": 5.9, ""gain"": 10.0, ""tone"": 5.0, ""blend"": 5.0}}","{""type"": ""Touch Wah"", ""settings"": {""level"": 3.4, ""thresh"": 5.5, ""mode"": ""LO-UP"", ""filter"": ""HPF"", ""peak"": 5.5}}","{""type"": ""Delay"", ""settings"": {""level"": 2.5, ""time"": 226, ""feedback"": 5.5, ""tone"": 5.5}}","{""type"": ""Arena"", ""settings"": {""level"": 2.5, ""decay"": 5.5, ""tone"": 5.5}}",pitch_pos,data/audio_stems_augmented\048_guns_n_roses_sweet_child_o_mine_aug_pitch_pos.wav,2448.2475450977645,4533.117334802723,0.0033125519,"[-242.25357055664062, 79.1321029663086, -58.71464920043945, 45.64732360839844]",0.035301972180604935,5.823785112945184,[0.00012585 0.0001466  0.00016265 ... 0.03511842 0.03026389 0.02312542],0.0005687969387508929,0.04842522367835045,0.0,0.9873091578483582,92.87981859410431
Sweet Child O' Mine,Guns N' Roses,https://www.youtube.com/watch?v=1w7OgIMMRc4,0,70s Rock,8.0,8.0,10.0,6.0,10.0,"{""type"": ""Blues Drive"", ""settings"": {""level"": 5.9, ""gain"": 10.0, ""tone"": 5.0, ""blend"": 5.0}}","{""type"": ""Touch Wah"", ""settings"": {""level"": 3.4, ""thresh"": 5.5, ""mode"": ""LO-UP"", ""filter"": ""HPF"", ""peak"": 5.5}}","{""type"": ""Delay"", ""settings"": {""level"": 2.5, ""time"": 226, ""feedback"": 5.5, ""tone"": 5.5}}","{""type"": ""Arena"", ""settings"": {""level"": 2.5, ""decay"": 5.5, ""tone"": 5.5}}",pitch_neg_tilt_lo,data/audio_stems_augmented\048_guns_n_roses_sweet_child_o_mine_aug_pitch_neg_tilt_lo.wav,2097.307426507427,3910.037862255587,0.0012274618,"[-256.7125549316406, 106.10919952392578, -72.69456481933594, 53.21623611450195]",0.03525649011135101,5.785422942565885,[0.00011961 0.00014564 0.00016708 ... 0.03029974 0.02659704 0.02157338],0.00021216455206740648,0.03838619962334633,0.0,0.9876262545585632,92.87981859410431
Kannon 1,Sunn O,https://www.youtube.com/watch?v=IswnGaGxvRQ,150,Doom Metal,7.5,6.0,8.0,4.0,7.0,"{""type"": ""Fuzz"", ""settings"": {""level"": 5.0, ""gain"": 5.0, ""vari"": ""loose""}}","{""type"": ""Vibratone"", ""settings"": {""level"": 6.5, ""speed"": 10.0, ""depth"": 2.5, ""feedback"": 7.0, ""phase"": 6.0}}","{""type"": ""Echo"", ""settings"": {""level"": 3.0, ""time"": 361, ""feedback"": 3.0, ""wow"": 7.5}}","{""type"": ""Arena"", ""settings"": {""level"": 5.0, ""decay"": 5.5, ""tone"": 3.5}}",none,data/audio_stems_augmented\049_sunn_o_kannon_1_orig.wav,1534.0143501200414,3179.7946159911544,0.00086413516,"[-111.98367309570312, 165.72645568847656, -73.33601379394531, 70.19195556640625]",0.14997030794620514,4.333511207244526,[0.08280234 0.10285652 0.11911687 ... 0.19269148 0.16535686 0.12073615],0.000199407571926713,0.11107425391674042,0.0,0.9931975603103638,92.87981859410431
Kannon 1,Sunn O,https://www.youtube.com/watch?v=IswnGaGxvRQ,150,Doom Metal,7.5,6.0,8.0,4.0,7.0,"{""type"": ""Fuzz"", ""settings"": {""level"": 5.0, ""gain"": 5.0, ""vari"": ""loose""}}","{""type"": ""Vibratone"", ""settings"": {""level"": 6.5, ""speed"": 10.0, ""depth"": 2.5, ""feedback"": 7.0, ""phase"": 6.0}}","{""type"": ""Echo"", ""settings"": {""level"": 3.0, ""time"": 361, ""feedback"": 3.0, ""wow"": 7.5}}","{""type"": ""Arena"", ""settings"": {""level"": 5.0, ""decay"": 5.5, ""tone"": 3.5}}",gain_neg,data/audio_stems_augmented\049_sunn_o_kannon_1_aug_gain_neg.wav,1534.0333867292204,3179.8279233432427,0.00087164046,"[-128.95407104492188, 165.72592163085938, -73.33574676513672, 70.19135284423828]",0.12618425488471985,4.333422041611023,[0.06966965 0.08654329 0.10022453 ... 0.16212948 0.13913019 0.10158691],0.00020114362996537238,0.09345738589763641,0.0,0.993197500705719,92.87981859410431
Kannon 1,Sunn O,https://www.youtube.com/watch?v=IswnGaGxvRQ,150,Doom Metal,7.5,6.0,8.0,4.0,7.0,"{""type"": ""Fuzz"", ""settings"": {""level"": 5.0, ""gain"": 5.0, ""vari"": ""loose""}}","{""type"": ""Vibratone"", ""settings"": {""level"": 6.5, ""speed"": 10.0, ""depth"": 2.5, ""feedback"": 7.0, ""phase"": 6.0}}","{""type"": ""Echo"", ""settings"": {""level"": 3.0, ""time"": 361, ""feedback"": 3.0, ""wow"": 7.5}}","{""type"": ""Arena"", ""settings"": {""level"": 5.0, ""decay"": 5.5, ""tone"": 3.5}}",gain_pos_tilt_hi,data/audio_stems_augmented\049_sunn_o_kannon_1_aug_gain_pos_tilt_hi.wav,1577.3375286136034,3222.969271135441,0.0009516206,"[-97.15141296386719, 163.7169952392578, -75.8592758178711, 68.71747589111328]",0.16708944737911224,4.465756806799086,[0.09357294 0.11624786 0.13448866 ... 0.20898686 0.17931275 0.13205083],0.00021309274598024786,0.11167623102664948,0.0,0.9935427308082581,92.87981859410431
Kannon 1,Sunn O,https://www.youtube.com/watch?v=IswnGaGxvRQ,150,Doom Metal,7.5,6.0,8.0,4.0,7.0,"{""type"": ""Fuzz"", ""settings"": {""level"": 5.0, ""gain"": 5.0, ""vari"": ""loose""}}","{""type"": ""Vibratone"", ""settings"": {""level"": 6.5, ""speed"": 10.0, ""depth"": 2.5, ""feedback"": 7.0, ""phase"": 6.0}}","{""type"": ""Echo"", ""settings"": {""level"": 3.0, ""time"": 361, ""feedback"": 3.0, ""wow"": 7.5}}","{""type"": ""Arena"", ""settings"": {""level"": 5.0, ""decay"": 5.5, ""tone"": 3.5}}",pitch_pos,data/audio_stems_augmented\049_sunn_o_kannon_1_aug_pitch_pos.wav,1642.045977751878,3392.7285178908064,0.0011603801,"[-144.0197296142578, 152.46925354003906, -67.87507629394531, 67.30712127685547]",0.10167726874351501,5.163585302449259,[0.08093841 0.09960549 0.11445653 ... 0.14225337 0.11632539 0.08844098],0.00022472368436865509,0.09310989081859589,0.0,0.9900383949279785,92.87981859410431
Kannon 1,Sunn O,https://www.youtube.com/watch?v=IswnGaGxvRQ,150,Doom Metal,7.5,6.0,8.0,4.0,7.0,"{""type"": ""Fuzz"", ""settings"": {""level"": 5.0, ""gain"": 5.0, ""vari"": ""loose""}}","{""type"": ""Vibratone"", ""settings"": {""level"": 6.5, ""speed"": 10.0, ""depth"": 2.5, ""feedback"": 7.0, ""phase"": 6.0}}","{""type"": ""Echo"", ""settings"": {""level"": 3.0, ""time"": 361, ""feedback"": 3.0, ""wow"": 7.5}}","{""type"": ""Arena"", ""settings"": {""level"": 5.0, ""decay"": 5.5, ""tone"": 3.5}}",pitch_neg_tilt_lo,data/audio_stems_augmented\049_sunn_o_kannon_1_aug_pitch_neg_tilt_lo.wav,1398.607317234882,2916.141943699246,0.00034420512,"[-160.01043701171875, 174.80523681640625, -73.35346221923828, 66.05928039550781]",0.10380038619041443,4.460563700595908,[0.08311092 0.10284812 0.11660039 ... 0.12410637 0.1007867  0.07728761],7.716626714682207e-05,0.08471330255270004,0.0,0.990405261516571,92.87981859410431
Firth of Fifth,Genesis,https://www.youtube.com/watch?v=Rz-tHZEr37I,390,60s Uk Cln,4.4,6.0,7.0,4.5,4.0,"{""type"": ""Overdrive"", ""settings"": {""level"": 4.5, ""gain"": 5.5, ""low"": 5.5, ""mid"": 5.0, ""high"": 5.0}}","{""type"": ""Chorus"", ""settings"": {""level"": 3.3, ""speed"": 2.6, ""depth"": 3.5}}","{""type"": ""Echo"", ""settings"": {""level"": 4.8, ""time"": 450, ""feedback"": 3.4, ""wow"": 1.5}}","{""type"": ""Plate"", ""settings"": {""level"": 3.7, ""decay"": 4.0, ""tone"": 4.5}}",none,data/audio_stems_augmented\050_genesis_firth_of_fifth_orig.wav,1831.3682221009108,3202.9515525304523,0.00085046527,"[-202.54071044921875, 117.30902862548828, -84.52066802978516, 39.68693161010742]",0.10078530758619308,5.416697646267506,[0.06567088 0.08363017 0.09727322 ... 0.11674564 0.10292663 0.08619846],0.00015700804942753166,0.11349508166313171,0.0,0.9851038455963135,92.87981859410431
Firth of Fifth,Genesis,https://www.youtube.com/watch?v=Rz-tHZEr37I,390,60s Uk Cln,4.4,6.0,7.0,4.5,4.0,"{""type"": ""Overdrive"", ""settings"": {""level"": 4.5, ""gain"": 5.5, ""low"": 5.5, ""mid"": 5.0, ""high"": 5.0}}","{""type"": ""Chorus"", ""settings"": {""level"": 3.3, ""speed"": 2.6, ""depth"": 3.5}}","{""type"": ""Echo"", ""settings"": {""level"": 4.8, ""time"": 450, ""feedback"": 3.4, ""wow"": 1.5}}","{""type"": ""Plate"", ""settings"": {""level"": 3.7, ""decay"": 4.0, ""tone"": 4.5}}",gain_neg,data/audio_stems_augmented\050_genesis_firth_of_fifth_aug_gain_neg.wav,1831.404320037344,3202.9598793684745,0.00085787947,"[-219.5093536376953, 117.31150817871094, -84.51837158203125, 39.68963623046875]",0.08480027318000793,5.416788789980016,[0.05525468 0.07036559 0.08184472 ... 0.09822944 0.08660199 0.07252686],0.00015837413957342505,0.09549490362405777,0.0,0.985103964805603,92.87981859410431
Firth of Fifth,Genesis,https://www.youtube.com/watch?v=Rz-tHZEr37I,390,60s Uk Cln,4.4,6.0,7.0,4.5,4.0,"{""type"": ""Overdrive"", ""settings"": {""level"": 4.5, ""gain"": 5.5, ""low"": 5.5, ""mid"": 5.0, ""high"": 5.0}}","{""type"": ""Chorus"", ""settings"": {""level"": 3.3, ""speed"": 2.6, ""depth"": 3.5}}","{""type"": ""Echo"", ""settings"": {""level"": 4.8, ""time"": 450, ""feedback"": 3.4, ""wow"": 1.5}}","{""type"": ""Plate"", ""settings"": {""level"": 3.7, ""decay"": 4.0, ""tone"": 4.5}}",gain_pos_tilt_hi,data/audio_stems_augmented\050_genesis_firth_of_fifth_aug_gain_pos_tilt_hi.wav,1849.4678916177977,3220.021570475638,0.0008600813,"[-187.49000549316406, 114.9927978515625, -86.7453842163086, 37.923519134521484]",0.11805427819490433,5.388741980205754,[0.07624242 0.09717576 0.11299501 ... 0.13671255 0.12044998 0.1008661 ],0.0001596070360392332,0.13580118119716644,0.0,0.9850392937660217,92.87981859410431
Firth of Fifth,Genesis,https://www.youtube.com/watch?v=Rz-tHZEr37I,390,60s Uk Cln,4.4,6.0,7.0,4.5,4.0,"{""type"": ""Overdrive"", ""settings"": {""level"": 4.5, ""gain"": 5.5, ""low"": 5.5, ""mid"": 5.0, ""high"": 5.0}}","{""type"": ""Chorus"", ""settings"": {""level"": 3.3, ""speed"": 2.6, ""depth"": 3.5}}","{""type"": ""Echo"", ""settings"": {""level"": 4.8, ""time"": 450, ""feedback"": 3.4, ""wow"": 1.5}}","{""type"": ""Plate"", ""settings"": {""level"": 3.7, ""decay"": 4.0, ""tone"": 4.5}}",pitch_pos,data/audio_stems_augmented\050_genesis_firth_of_fifth_aug_pitch_pos.wav,1947.1844844740508,3399.7147349912993,0.0010722161,"[-233.28762817382812, 102.0806884765625, -78.3499984741211, 35.879066467285156]",0.0686834529042244,5.872075782017244,[0.0681959  0.08464666 0.09560546 ... 0.07950632 0.06804627 0.05505389],0.0001825957151595503,0.13253003358840942,0.0,0.9763330817222595,92.87981859410431
Firth of Fifth,Genesis,https://www.youtube.com/watch?v=Rz-tHZEr37I,390,60s Uk Cln,4.4,6.0,7.0,4.5,4.0,"{""type"": ""Overdrive"", ""settings"": {""level"": 4.5, ""gain"": 5.5, ""low"": 5.5, ""mid"": 5.0, ""high"": 5.0}}","{""type"": ""Chorus"", ""settings"": {""level"": 3.3, ""speed"": 2.6, ""depth"": 3.5}}","{""type"": ""Echo"", ""settings"": {""level"": 4.8, ""time"": 450, ""feedback"": 3.4, ""wow"": 1.5}}","{""type"": ""Plate"", ""settings"": {""level"": 3.7, ""decay"": 4.0, ""tone"": 4.5}}",pitch_neg_tilt_lo,data/audio_stems_augmented\050_genesis_firth_of_fifth_aug_pitch_neg_tilt_lo.wav,1724.5684556692215,2976.336655760586,0.0003733338,"[-246.21499633789062, 125.82441711425781, -84.6019515991211, 34.821067810058594]",0.06605657190084457,6.8179680997780014,[0.06473745 0.08218299 0.09620464 ... 0.0653251  0.05339978 0.03994672],5.475733269122429e-05,0.09891504794359207,0.0,0.9785526394844055,92.87981859410431
Kilby Girl,The Backseat Lovers,https://www.youtube.com/watch?v=oTwVce9eWb4,60,Twin Clean,3.6,5.9,7.0,6.0,4.0,"{""type"": ""Overdrive"", ""settings"": {""level"": 5.5, ""gain"": 3.6, ""low"": 5.5, ""mid"": 5.5, ""high"": 5.5}}",,,"{""type"": ""Large Hall"", ""settings"": {""level"": 3.8, ""decay"": 3.2, ""tone"": 7.2}}",none,data/audio_stems_augmented\051_the_backseat_lovers_kilby_girl_orig.wav,1483.0405789364627,2752.7649072853915,0.00050946575,"[-155.21023559570312, 167.67770385742188, -84.56771087646484, 59.131011962890625]",0.13898803293704987,6.025391796815718,[0.07151462 0.08396348 0.09442808 ... 0.1030932  0.10306825 0.10301416],8.455311763100326e-05,0.19633348286151886,1.0,0.9840782284736633,92.87981859410431
Kilby Girl,The Backseat Lovers,https://www.youtube.com/watch?v=oTwVce9eWb4,60,Twin Clean,3.6,5.9,7.0,6.0,4.0,"{""type"": ""Overdrive"", ""settings"": {""level"": 5.5, ""gain"": 3.6, ""low"": 5.5, ""mid"": 5.5, ""high"": 5.5}}",,,"{""type"": ""Large Hall"", ""settings"": {""level"": 3.8, ""decay"": 3.2, ""tone"": 7.2}}",gain_neg,data/audio_stems_augmented\051_the_backseat_lovers_kilby_girl_aug_gain_neg.wav,1483.0692877252404,2752.7908509036147,0.0005134947,"[-172.1802215576172, 167.67648315429688, -84.56746673583984, 59.13077926635742]",0.11694387346506119,6.025235142424944,[0.06017222 0.07064657 0.07945142 ... 0.08674157 0.08672058 0.08667507],8.522399730281904e-05,0.16519440710544586,1.0,0.9840782880783081,92.87981859410431
Kilby Girl,The Backseat Lovers,https://www.youtube.com/watch?v=oTwVce9eWb4,60,Twin Clean,3.6,5.9,7.0,6.0,4.0,"{""type"": ""Overdrive"", ""settings"": {""level"": 5.5, ""gain"": 3.6, ""low"": 5.5, ""mid"": 5.5, ""high"": 5.5}}",,,"{""type"": ""Large Hall"", ""settings"": {""level"": 3.8, ""decay"": 3.2, ""tone"": 7.2}}",gain_pos_tilt_hi,data/audio_stems_augmented\051_the_backseat_lovers_kilby_girl_aug_gain_pos_tilt_hi.wav,1511.1385771488083,2783.542686370482,0.0005335213,"[-141.28065490722656, 166.8971710205078, -88.18555450439453, 58.56467819213867]",0.15818814933300018,6.154671790239975,[0.07971547 0.09431038 0.10671871 ... 0.11939749 0.11936819 0.11930774],8.668556984048337e-05,0.21942749619483948,1.0,0.9851282238960266,92.87981859410431
Kilby Girl,The Backseat Lovers,https://www.youtube.com/watch?v=oTwVce9eWb4,60,Twin Clean,3.6,5.9,7.0,6.0,4.0,"{""type"": ""Overdrive"", ""settings"": {""level"": 5.5, ""gain"": 3.6, ""low"": 5.5, ""mid"": 5.5, ""high"": 5.5}}",,,"{""type"": ""Large Hall"", ""settings"": {""level"": 3.8, ""decay"": 3.2, ""tone"": 7.2}}",pitch_pos,data/audio_stems_augmented\051_the_backseat_lovers_kilby_girl_aug_pitch_pos.wav,1617.8874516999801,2989.8740476756407,0.0007285354,"[-184.36572265625, 153.0267791748047, -81.7115478515625, 59.796531677246094]",0.08993236720561981,5.2142282674305,[0.07056079 0.07799515 0.08575204 ... 0.05643111 0.05632858 0.05501137],0.00013972063607070595,0.16257910430431366,0.9686366319656372,0.9780286550521851,92.87981859410431
Kilby Girl,The Backseat Lovers,https://www.youtube.com/watch?v=oTwVce9eWb4,60,Twin Clean,3.6,5.9,7.0,6.0,4.0,"{""type"": ""Overdrive"", ""settings"": {""level"": 5.5, ""gain"": 3.6, ""low"": 5.5, ""mid"": 5.5, ""high"": 5.5}}",,,"{""type"": ""Large Hall"", ""settings"": {""level"": 3.8, ""decay"": 3.2, ""tone"": 7.2}}",pitch_neg_tilt_lo,data/audio_stems_augmented\051_the_backseat_lovers_kilby_girl_aug_pitch_neg_tilt_lo.wav,1378.6334587475058,2558.960000031275,0.00020683535,"[-199.0510711669922, 174.46371459960938, -84.66558837890625, 52.621795654296875]",0.09730499982833862,4.54661923066002,[0.0717209  0.08097705 0.09195081 ... 0.05678585 0.05668898 0.05523473],4.549211007542908e-05,0.1790551245212555,1.0,0.9822669625282288,92.87981859410431
Maple Syrup,The Backseat Lovers,https://www.youtube.com/watch?v=Gl2TEwnacwM,205,Princeton,7.0,5.0,6.0,4.6,1.9,"{""type"": ""Myth Drive"", ""settings"": {""level"": 7.0, ""gain"": 8.0, ""treble"": 7.0}}",,,"{""type"": ""Spring 65"", ""settings"": {""level"": 5.5, ""decay"": 3.2, ""tone"": 5.5}}",none,data/audio_stems_augmented\052_the_backseat_lovers_maple_syrup_orig.wav,1791.7692918832531,3414.1035110933876,0.0028184683,"[-82.59414672851562, 133.3264923095703, -62.09369659423828, 46.327354431152344]",0.15231113135814667,4.533392819726424,[0.09092467 0.11281409 0.13313684 ... 0.11131519 0.09725055 0.08161691],0.0006217126501724124,0.08290738612413406,0.0,0.9927661418914795,92.87981859410431
Maple Syrup,The Backseat Lovers,https://www.youtube.com/watch?v=Gl2TEwnacwM,205,Princeton,7.0,5.0,6.0,4.6,1.9,"{""type"": ""Myth Drive"", ""settings"": {""level"": 7.0, ""gain"": 8.0, ""treble"": 7.0}}",,,"{""type"": ""Spring 65"", ""settings"": {""level"": 5.5, ""decay"": 3.2, ""tone"": 5.5}}",gain_neg,data/audio_stems_augmented\052_the_backseat_lovers_maple_syrup_aug_gain_neg.wav,1791.7748489125322,3414.1368184454755,0.002839891,"[-99.5641860961914, 133.32647705078125, -62.093170166015625, 46.32754135131836]",0.12815383076667786,4.5332909519684215,[0.07650339 0.09492122 0.11202041 ... 0.09366    0.08182602 0.06867208],0.0006264522671699524,0.06975813210010529,0.0,0.9927661418914795,92.87981859410431
Maple Syrup,The Backseat Lovers,https://www.youtube.com/watch?v=Gl2TEwnacwM,205,Princeton,7.0,5.0,6.0,4.6,1.9,"{""type"": ""Myth Drive"", ""settings"": {""level"": 7.0, ""gain"": 8.0, ""treble"": 7.0}}",,,"{""type"": ""Spring 65"", ""settings"": {""level"": 5.5, ""decay"": 3.2, ""tone"": 5.5}}",gain_pos_tilt_hi,data/audio_stems_augmented\052_the_backseat_lovers_maple_syrup_aug_gain_pos_tilt_hi.wav,1818.9808734402714,3446.0036275558296,0.0029078776,"[-67.48014831542969, 130.92674255371094, -64.2420425415039, 44.50480270385742]",0.1764073222875595,4.536940171119647,[0.1059498  0.13106282 0.15442136 ... 0.1304173  0.11390686 0.09553123],0.0006409335182979703,0.09486246109008789,0.0,0.9928021430969238,92.87981859410431
Maple Syrup,The Backseat Lovers,https://www.youtube.com/watch?v=Gl2TEwnacwM,205,Princeton,7.0,5.0,6.0,4.6,1.9,"{""type"": ""Myth Drive"", ""settings"": {""level"": 7.0, ""gain"": 8.0, ""treble"": 7.0}}",,,"{""type"": ""Spring 65"", ""settings"": {""level"": 5.5, ""decay"": 3.2, ""tone"": 5.5}}",pitch_pos,data/audio_stems_augmented\052_the_backseat_lovers_maple_syrup_aug_pitch_pos.wav,1932.8788923399586,3661.3523124818735,0.0037395377,"[-116.70687103271484, 121.34318542480469, -60.17935562133789, 43.115230560302734]",0.0998968705534935,5.139831801301284,[0.09439806 0.11047919 0.12786333 ... 0.06550866 0.05381991 0.04076773],0.0007275601383298635,0.08630767464637756,0.0,0.9869304895401001,92.87981859410431
Maple Syrup,The Backseat Lovers,https://www.youtube.com/watch?v=Gl2TEwnacwM,205,Princeton,7.0,5.0,6.0,4.6,1.9,"{""type"": ""Myth Drive"", ""settings"": {""level"": 7.0, ""gain"": 8.0, ""treble"": 7.0}}",,,"{""type"": ""Spring 65"", ""settings"": {""level"": 5.5, ""decay"": 3.2, ""tone"": 5.5}}",pitch_neg_tilt_lo,data/audio_stems_augmented\052_the_backseat_lovers_maple_syrup_aug_pitch_neg_tilt_lo.wav,1634.3346622053862,3101.180938225058,0.0010259362,"[-133.7728271484375, 148.95030212402344, -70.42145538330078, 50.279624938964844]",0.1055765375494957,4.789908903418922,[0.09010687 0.11064637 0.13064484 ... 0.06117206 0.05360102 0.04293316],0.00021418696269392967,0.12330694496631622,0.0,0.9870368838310242,92.87981859410431
Every Breath You Take,The Police,https://www.youtube.com/watch?v=OMOGaugKpzs,0,Princeton,3.3,6.0,6.5,4.5,3.2,,"{""type"": ""Chorus"", ""settings"": {""level"": 2.5, ""speed"": 3.0, ""depth"": 3.5}}","{""type"": ""Echo"", ""settings"": {""level"": 4.0, ""time"": 400, ""feedback"": 2.5, ""wow"": 1.2}}","{""type"": ""Plate"", ""settings"": {""level"": 2.5, ""decay"": 3.0, ""tone"": 5.0}}",none,data/audio_stems_augmented\053_the_police_every_breath_you_take_orig.wav,766.3386904360716,1282.4010957855148,0.0001625802,"[-342.1514587402344, 203.82766723632812, -11.74928092956543, 16.932849884033203]",0.049482498317956924,8.24619420574189,"[3.3084390e-05 4.0466595e-05 4.6700839e-05 ... 5.8629338e-02 5.3729080e-02
 3.4186896e-02]",1.9715784219442867e-05,0.15895196795463562,1.0,0.9500758647918701,92.87981859410431
Every Breath You Take,The Police,https://www.youtube.com/watch?v=OMOGaugKpzs,0,Princeton,3.3,6.0,6.5,4.5,3.2,,"{""type"": ""Chorus"", ""settings"": {""level"": 2.5, ""speed"": 3.0, ""depth"": 3.5}}","{""type"": ""Echo"", ""settings"": {""level"": 4.0, ""time"": 400, ""feedback"": 2.5, ""wow"": 1.2}}","{""type"": ""Plate"", ""settings"": {""level"": 2.5, ""decay"": 3.0, ""tone"": 5.0}}",gain_neg,data/audio_stems_augmented\053_the_police_every_breath_you_take_aug_gain_neg.wav,766.6414856213823,1282.4812441842432,0.0001653294,"[-359.125244140625, 203.828125, -11.749655723571777, 16.929962158203125]",0.041634321212768555,8.24594944642726,"[2.8064611e-05 3.4345518e-05 3.9649232e-05 ... 4.9330033e-02 4.5207351e-02
 2.8764615e-02]",2.004976886382792e-05,0.13374221324920654,1.0,0.9500754475593567,92.87981859410431
Every Breath You Take,The Police,https://www.youtube.com/watch?v=OMOGaugKpzs,0,Princeton,3.3,6.0,6.5,4.5,3.2,,"{""type"": ""Chorus"", ""settings"": {""level"": 2.5, ""speed"": 3.0, ""depth"": 3.5}}","{""type"": ""Echo"", ""settings"": {""level"": 4.0, ""time"": 400, ""feedback"": 2.5, ""wow"": 1.2}}","{""type"": ""Plate"", ""settings"": {""level"": 2.5, ""decay"": 3.0, ""tone"": 5.0}}",gain_pos_tilt_hi,data/audio_stems_augmented\053_the_police_every_breath_you_take_aug_gain_pos_tilt_hi.wav,787.5974210994796,1313.6588608923037,0.00017220221,"[-327.94378662109375, 202.46681213378906, -14.8052978515625, 15.654241561889648]",0.05542001128196716,8.51249786536969,"[3.1521784e-05 3.8461581e-05 4.4266311e-05 ... 6.5607473e-02 5.9869565e-02
 3.8055032e-02]",2.0229337678756565e-05,0.1787462681531906,1.0,0.9479407072067261,92.87981859410431
Every Breath You Take,The Police,https://www.youtube.com/watch?v=OMOGaugKpzs,0,Princeton,3.3,6.0,6.5,4.5,3.2,,"{""type"": ""Chorus"", ""settings"": {""level"": 2.5, ""speed"": 3.0, ""depth"": 3.5}}","{""type"": ""Echo"", ""settings"": {""level"": 4.0, ""time"": 400, ""feedback"": 2.5, ""wow"": 1.2}}","{""type"": ""Plate"", ""settings"": {""level"": 2.5, ""decay"": 3.0, ""tone"": 5.0}}",pitch_pos,data/audio_stems_augmented\053_the_police_every_breath_you_take_aug_pitch_pos.wav,868.04490649469,1492.9028992259175,0.00018987838,"[-358.1268005371094, 190.46498107910156, -18.79769515991211, 14.67301082611084]",0.033270031213760376,10.094245204119925,"[3.5163306e-05 4.1366828e-05 4.6083296e-05 ... 3.7656486e-02 3.4153108e-02
 2.3887362e-02]",1.8810556866810657e-05,0.10789833962917328,1.0,0.9418230652809143,92.87981859410431
Every Breath You Take,The Police,https://www.youtube.com/watch?v=OMOGaugKpzs,0,Princeton,3.3,6.0,6.5,4.5,3.2,,"{""type"": ""Chorus"", ""settings"": {""level"": 2.5, ""speed"": 3.0, ""depth"": 3.5}}","{""type"": ""Echo"", ""settings"": {""level"": 4.0, ""time"": 400, ""feedback"": 2.5, ""wow"": 1.2}}","{""type"": ""Plate"", ""settings"": {""level"": 2.5, ""decay"": 3.0, ""tone"": 5.0}}",pitch_neg_tilt_lo,data/audio_stems_augmented\053_the_police_every_breath_you_take_aug_pitch_neg_tilt_lo.wav,747.2676252797257,1278.5160508266715,7.273967e-05,"[-373.5984191894531, 201.77687072753906, -11.696680068969727, 12.778496742248535]",0.03429506719112396,7.976412245404596,"[3.3269433e-05 4.0595620e-05 4.6924266e-05 ... 4.0080748e-02 3.6844920e-02
 2.4419354e-02]",9.119346032093745e-06,0.10922058671712875,1.0,0.9498171210289001,92.87981859410431
Shed,Title Fight,https://www.youtube.com/watch?v=SE41j8h6P4g,10,80s Rock,2.0,7.0,4.0,6.0,8.0,,"{""type"": ""Chorus"", ""settings"": {""level"": 4.0, ""speed"": 4.6, ""depth"": 3.5}}",,"{""type"": ""Large Hall"", ""settings"": {""level"": 3.8, ""decay"": 3.2, ""tone"": 7.2}}",none,data/audio_stems_augmented\054_title_fight_shed_orig.wav,1626.6821459132327,2904.9007123694896,0.0016978156,"[-182.9333038330078, 167.51217651367188, -94.76132202148438, 52.89289855957031]",0.06592268496751785,5.3930508485899695,[0.05374009 0.0641747  0.07288595 ... 0.07261354 0.0642927  0.05339243],0.0003148153773508966,0.0720689669251442,0.0,0.9842132329940796,92.87981859410431
Shed,Title Fight,https://www.youtube.com/watch?v=SE41j8h6P4g,10,80s Rock,2.0,7.0,4.0,6.0,8.0,,"{""type"": ""Chorus"", ""settings"": {""level"": 4.0, ""speed"": 4.6, ""depth"": 3.5}}",,"{""type"": ""Large Hall"", ""settings"": {""level"": 3.8, ""decay"": 3.2, ""tone"": 7.2}}",gain_neg,data/audio_stems_augmented\054_title_fight_shed_aug_gain_neg.wav,1626.718639793849,2904.9423465595996,0.0017144872,"[-199.90283203125, 167.51092529296875, -94.75992584228516, 52.891971588134766]",0.05546700954437256,5.392897694335928,[0.04521661 0.05399627 0.06132601 ... 0.06109681 0.05409572 0.04492414],0.00031791572109796107,0.06063869968056679,0.0,0.9842131733894348,92.87981859410431
Shed,Title Fight,https://www.youtube.com/watch?v=SE41j8h6P4g,10,80s Rock,2.0,7.0,4.0,6.0,8.0,,"{""type"": ""Chorus"", ""settings"": {""level"": 4.0, ""speed"": 4.6, ""depth"": 3.5}}",,"{""type"": ""Large Hall"", ""settings"": {""level"": 3.8, ""decay"": 3.2, ""tone"": 7.2}}",gain_pos_tilt_hi,data/audio_stems_augmented\054_title_fight_shed_aug_gain_pos_tilt_hi.wav,1658.8530650673126,2935.759974079176,0.0017600071,"[-168.72039794921875, 166.36544799804688, -98.06916046142578, 52.1065788269043]",0.07487744092941284,5.550989161944872,[0.06307874 0.07530911 0.08548642 ... 0.08289015 0.07325922 0.06084962],0.00031706184381619096,0.08736371994018555,0.0,0.9851714968681335,92.87981859410431
Shed,Title Fight,https://www.youtube.com/watch?v=SE41j8h6P4g,10,80s Rock,2.0,7.0,4.0,6.0,8.0,,"{""type"": ""Chorus"", ""settings"": {""level"": 4.0, ""speed"": 4.6, ""depth"": 3.5}}",,"{""type"": ""Large Hall"", ""settings"": {""level"": 3.8, ""decay"": 3.2, ""tone"": 7.2}}",pitch_pos,data/audio_stems_augmented\054_title_fight_shed_aug_pitch_pos.wav,1753.0550766951042,3143.098240828016,0.0020985478,"[-210.45791625976562, 150.38980102539062, -90.76990509033203, 55.08401107788086]",0.045005664229393005,6.293827036647064,[0.05432915 0.06160337 0.06854497 ... 0.04417829 0.03903034 0.03288282],0.00033342945971526206,0.05262728035449982,0.0,0.9775824546813965,92.87981859410431
Shed,Title Fight,https://www.youtube.com/watch?v=SE41j8h6P4g,10,80s Rock,2.0,7.0,4.0,6.0,8.0,,"{""type"": ""Chorus"", ""settings"": {""level"": 4.0, ""speed"": 4.6, ""depth"": 3.5}}",,"{""type"": ""Large Hall"", ""settings"": {""level"": 3.8, ""decay"": 3.2, ""tone"": 7.2}}",pitch_neg_tilt_lo,data/audio_stems_augmented\054_title_fight_shed_aug_pitch_neg_tilt_lo.wav,1528.8173979262267,2755.9085996410963,0.0006690608,"[-230.65980529785156, 181.0683135986328, -100.48670959472656, 50.43571090698242]",0.04488211125135422,6.068415873407329,[0.053339   0.06230441 0.07187567 ... 0.05047513 0.0427997  0.03427884],0.00011025293497368693,0.05338722839951515,0.0,0.9802649617195129,92.87981859410431
Iron Man,Black Sabbath,https://www.youtube.com/watch?v=iFgqckcGpDA,30,Twin Clean,4.5,6.5,4.0,6.5,2.0,"{""type"": ""Big Fuzz"", ""settings"": {""level"": 5.0, ""tone"": 5.0, ""sustain"": 5.0}}",,,"{""type"": ""Large Hall"", ""settings"": {""level"": 4.0, ""decay"": 10.0, ""tone"": 1.0}}",none,data/audio_stems_augmented\055_black_sabbath_iron_man_orig.wav,2046.570935701973,3754.9959328777554,0.0041405032,"[-147.43682861328125, 118.21220397949219, -65.02106475830078, 63.976375579833984]",0.08749081194400787,5.248468260558461,[0.07146866 0.08507648 0.09776084 ... 0.10120415 0.0889676  0.07409552],0.0007888972759246826,0.12905101478099823,0.0,0.9794751405715942,92.87981859410431
Iron Man,Black Sabbath,https://www.youtube.com/watch?v=iFgqckcGpDA,30,Twin Clean,4.5,6.5,4.0,6.5,2.0,"{""type"": ""Big Fuzz"", ""settings"": {""level"": 5.0, ""tone"": 5.0, ""sustain"": 5.0}}",,,"{""type"": ""Large Hall"", ""settings"": {""level"": 4.0, ""decay"": 10.0, ""tone"": 1.0}}",gain_neg,data/audio_stems_augmented\055_black_sabbath_iron_man_aug_gain_neg.wav,2046.5989578651227,3755.0458939058876,0.004171257,"[-164.40673828125, 118.2099380493164, -65.02070617675781, 63.974430084228516]",0.07361432164907455,5.24867715015251,[0.06013413 0.07158371 0.08225609 ... 0.08515242 0.07485655 0.06234289],0.0007947252015583217,0.10858231782913208,0.0,0.9794748425483704,92.87981859410431
Iron Man,Black Sabbath,https://www.youtube.com/watch?v=iFgqckcGpDA,30,Twin Clean,4.5,6.5,4.0,6.5,2.0,"{""type"": ""Big Fuzz"", ""settings"": {""level"": 5.0, ""tone"": 5.0, ""sustain"": 5.0}}",,,"{""type"": ""Large Hall"", ""settings"": {""level"": 4.0, ""decay"": 10.0, ""tone"": 1.0}}",gain_pos_tilt_hi,data/audio_stems_augmented\055_black_sabbath_iron_man_aug_gain_pos_tilt_hi.wav,2081.315888287111,3779.293646226073,0.0042953747,"[-132.404541015625, 115.90430450439453, -67.27911376953125, 62.23686981201172]",0.09980378299951553,5.456513859092991,[0.08352309 0.09959456 0.11464108 ... 0.10629013 0.09293107 0.07775313],0.0007872011628933251,0.14626823365688324,0.0,0.9791049361228943,92.87981859410431
Iron Man,Black Sabbath,https://www.youtube.com/watch?v=iFgqckcGpDA,30,Twin Clean,4.5,6.5,4.0,6.5,2.0,"{""type"": ""Big Fuzz"", ""settings"": {""level"": 5.0, ""tone"": 5.0, ""sustain"": 5.0}}",,,"{""type"": ""Large Hall"", ""settings"": {""level"": 4.0, ""decay"": 10.0, ""tone"": 1.0}}",pitch_pos,data/audio_stems_augmented\055_black_sabbath_iron_man_aug_pitch_pos.wav,2188.835606643312,3994.3092576312356,0.005736725,"[-181.6868438720703, 105.83826446533203, -60.205535888671875, 61.50542068481445]",0.05890844762325287,5.248803274136461,[0.07266781 0.08318699 0.09309223 ... 0.06576347 0.0591797  0.05005085],0.0010929584968835115,0.08048499375581741,0.0,0.9768189787864685,92.87981859410431
Iron Man,Black Sabbath,https://www.youtube.com/watch?v=iFgqckcGpDA,30,Twin Clean,4.5,6.5,4.0,6.5,2.0,"{""type"": ""Big Fuzz"", ""settings"": {""level"": 5.0, ""tone"": 5.0, ""sustain"": 5.0}}",,,"{""type"": ""Large Hall"", ""settings"": {""level"": 4.0, ""decay"": 10.0, ""tone"": 1.0}}",pitch_neg_tilt_lo,data/audio_stems_augmented\055_black_sabbath_iron_man_aug_pitch_neg_tilt_lo.wav,1878.453196307358,3476.0635128154004,0.0016418331,"[-195.4525146484375, 130.98776245117188, -71.00048065185547, 64.61219787597656]",0.05935847759246826,6.249577906234306,[0.0696821  0.08263683 0.09555823 ... 0.0693525  0.05858473 0.04387129],0.00026271099341101944,0.1104712039232254,0.0,0.9754388928413391,92.87981859410431
Just Like Honey,The Jesus and Mary Chain,https://www.youtube.com/watch?v=7EgB__YratE,60,Twin Clean,3.0,7.5,7.0,6.5,6.0,"{""type"": ""Big Fuzz"", ""settings"": {""level"": 7.5, ""tone"": 5.0, ""sustain"": 5.0}}",,,"{""type"": ""Spring 65"", ""settings"": {""level"": 10.0, ""decay"": 6.0, ""tone"": 4.5}}",none,data/audio_stems_augmented\056_the_jesus_and_mary_chain_just_like_honey_orig.wav,2391.419802420166,4288.130064077001,0.007704324,"[-182.39697265625, 95.25040435791016, -76.5026626586914, 66.08330535888672]",0.04477525129914284,5.025803066681867,[0.04237449 0.05091513 0.0581575  ... 0.05458982 0.0481064  0.03959471],0.0015329535817727447,0.049362536519765854,0.0,0.9901066422462463,92.87981859410431
Just Like Honey,The Jesus and Mary Chain,https://www.youtube.com/watch?v=7EgB__YratE,60,Twin Clean,3.0,7.5,7.0,6.5,6.0,"{""type"": ""Big Fuzz"", ""settings"": {""level"": 7.5, ""tone"": 5.0, ""sustain"": 5.0}}",,,"{""type"": ""Spring 65"", ""settings"": {""level"": 10.0, ""decay"": 6.0, ""tone"": 4.5}}",gain_neg,data/audio_stems_augmented\056_the_jesus_and_mary_chain_just_like_honey_aug_gain_neg.wav,2391.449243098517,4288.196678781177,0.0077900677,"[-199.36572265625, 95.2485580444336, -76.49982452392578, 66.0811767578125]",0.03767366707324982,5.0254207772928385,[0.03565395 0.04283995 0.04893379 ... 0.04593156 0.04047649 0.03331467],0.0015501321759074926,0.04153414070606232,0.0,0.9901065230369568,92.87981859410431
Just Like Honey,The Jesus and Mary Chain,https://www.youtube.com/watch?v=7EgB__YratE,60,Twin Clean,3.0,7.5,7.0,6.5,6.0,"{""type"": ""Big Fuzz"", ""settings"": {""level"": 7.5, ""tone"": 5.0, ""sustain"": 5.0}}",,,"{""type"": ""Spring 65"", ""settings"": {""level"": 10.0, ""decay"": 6.0, ""tone"": 4.5}}",gain_pos_tilt_hi,data/audio_stems_augmented\056_the_jesus_and_mary_chain_just_like_honey_aug_gain_pos_tilt_hi.wav,2442.012996138521,4324.843092916183,0.008429407,"[-167.65274047851562, 93.35374450683594, -79.16907501220703, 64.75951385498047]",0.04990255832672119,4.812138258626718,[0.04467667 0.05412572 0.06235535 ... 0.06160688 0.05417033 0.04495462],0.0017516964580863714,0.055217642337083817,0.0,0.9911161065101624,92.87981859410431
Just Like Honey,The Jesus and Mary Chain,https://www.youtube.com/watch?v=7EgB__YratE,60,Twin Clean,3.0,7.5,7.0,6.5,6.0,"{""type"": ""Big Fuzz"", ""settings"": {""level"": 7.5, ""tone"": 5.0, ""sustain"": 5.0}}",,,"{""type"": ""Spring 65"", ""settings"": {""level"": 10.0, ""decay"": 6.0, ""tone"": 4.5}}",pitch_pos,data/audio_stems_augmented\056_the_jesus_and_mary_chain_just_like_honey_aug_pitch_pos.wav,2542.637728484701,4550.558691179669,0.010748471,"[-216.84979248046875, 80.13369750976562, -67.29340362548828, 62.77827835083008]",0.031042590737342834,5.571959580192095,[0.04330226 0.04961813 0.05491277 ... 0.03753016 0.03285613 0.02713032],0.00192902865819633,0.038010578602552414,0.0,0.9857835173606873,92.87981859410431
Just Like Honey,The Jesus and Mary Chain,https://www.youtube.com/watch?v=7EgB__YratE,60,Twin Clean,3.0,7.5,7.0,6.5,6.0,"{""type"": ""Big Fuzz"", ""settings"": {""level"": 7.5, ""tone"": 5.0, ""sustain"": 5.0}}",,,"{""type"": ""Spring 65"", ""settings"": {""level"": 10.0, ""decay"": 6.0, ""tone"": 4.5}}",pitch_neg_tilt_lo,data/audio_stems_augmented\056_the_jesus_and_mary_chain_just_like_honey_aug_pitch_neg_tilt_lo.wav,2177.8421579835513,3910.27480831279,0.0031297968,"[-232.95042419433594, 110.86817169189453, -86.75910186767578, 67.12689971923828]",0.031232383102178574,5.606496827717515,[0.04252887 0.04966954 0.05738525 ... 0.0287492  0.0240186  0.01939381],0.0005582445301115513,0.04715636745095253,0.0,0.9862992763519287,92.87981859410431
